Key,English Words,Translation
d0,0,0
d1,1,1
d2,2,2
d3,3,3
d4,4,4
d5,5,5
d6,6,6
d7,7,7
d8,8,8
d9,9,9
d10,10,10
d11,11,11
d12,12,12
label_select_chart1,--Select Chart--,પસંદ કરો ચાર્ટ
zero_to_20_kmph,0 to 20 KMPH,0થી 20 કિમીપ્રક 
twenty_to_50_kmph,20 to 50 KMPH, 20 થી 50 કિમીપ્રક
fifty_to_80_kmph,50 to 80 KMPH, 50 થી 80 કિમીપ્રક
eighty_plus_kmph,80+ KMPH,80+કિમીપ્રક
actual_weight,Actual Weight,વાસ્તવિક વજન 
add,Add,ઉમેરો 
add_lr_manually,Add LR Manually,ઉમેરો એલઆર મેન્યુલી 
add_manually,Add Manually,ઉમેરો મેન્યુલી 
additional_charges_qr,Additional charges - QR, વધારાના દર-કયુઆર 
after_booking,After Booking, બુકિંગ બાદ 
after_departure,After Departure, પ્રસ્થાન બાદ 
agent_city,Agent City,એજન્ટ શહેર
agent_net_amount,Agent Net Amount :,એજન્ટ ચોખ્ખી રકમ:  
agent_type,Agent Type,એજન્ટ પ્રકાર 
agent_branch,Agent/Branch,એજન્ટ/શાખા 
all_hamali,All Hamali, બધા હમાલી 
all_trips,All Trips,ટ્રીપ્ઝ 
amount_plus_gst,Amount + GST, રકમ+જીએસટી 
amount_payable,Amount payable, ચૂકવવાપાત્ર રકમ 
label_amount,Amount:,રકમ: 
apply,Apply, લાગુ કરો 
arrange_transfer,Arrange Transfer, ગોઠવો ટ્રાન્સફર 
auto_cancel_new,Auto Cancel New,ઓટો કેન્સલ નવું 
auto_wala,Auto Wala,ઓટો વાલા 
balance,Balance,સિલક 
bank_name,Bank name,બેન્કનું નામ 
base_fare,Base Fare, પાયાનું ભાડું 
base_fare_with_gst,Base fare with GST, જીએસટી સહિત પાયાનું ભાડું 
before_departure,Before Departure, પ્રસ્થાન પહેલાં 
bengaluru,Bengaluru, બેંગાલેરું 
bill_date,Bill date, બિલ તારીખ 
bill_info,Bill Info, બિલ માહિતી 
block_lr,Block LR, બ્લોક એલઆર 
blocking_party,Blocking Party,બ્લોકિંગ પાર્ટી 
boarded,Boarded, બોર્ડેડ 
book,Book,બુક 
book_again,Book again,બુક ફરીથી 
book_amt,Book Amt, બુક રકમ 
booked_by,Booked By, બુક્ડ દ્વારા 
booking_amount,Booking Amount, બુકિંગ રકમ 
booking_city,Booking City, બુકિંગ શહેર 
booking_date_wise,Booking Datewise report,બુકિંગ તારીખપ્રમાણે અહેવાલ 
booking_from_to,Booking From - To,બુકિંગ તારીખથી_તારીખ સુધી 
booking_other_charges,Booking Other Charges,બુકિંગ અન્ય ચાર્જીસ 
booking_transfer,Booking Transfer,બુકિંગ ટ્રાન્સફર 
booking_type,Booking Type,બુકિંગ પ્રકાર 
booking_remark,Booking Remark, બુકિંગ રીમાર્ક 
label_both,Both,બંન્ને 
branch_agent_booking_report,Branch /Agent Booking Report,શાખા/એજન્ટ બુકિંગ અહેવાલ 
tv_brach_phone,Branch phone, શાખા ફોન 
branch_recharge,Branch Recharge,શાખા રીચાર્જ 
branch_recharge_is_not_allowed,Branch recharge is not allowed, શાખા રીચાર્જ માન્ય નથી 
branch_stock,Branch Stock, શાખા સ્ટોક 
dispatch_report_type_7,Branch Summary,શાખા સારાંશ 
branch_transfer,Branch Transfer, શાખા ટ્રાન્સફર 
branch_transfer_receive,Branch Transfer Receive,શાખા ટ્રાન્સફર મેળવો 
branch_transfer_received,Branch Transfer Received,શાખા ટ્રાન્સફર મેળવો 
label_branch_name,Branch:, શાખા: 
broker,Broker,બ્રોકર 
bus_advance,Bus Advance,બસ એડવાન્સ 
bus_no,Bus No,બસ નં 
bus_qrs,Bus QRs, બસ કયુઆરએસ 
tracking,Bus Tracking,બસ ટ્રેકિંગ 
bus_transactions,Bus transaction, બસ લેવડ દેવડ 
by_branch,By branch, શાખા દ્વારા 
camera,Camera, કેમેરા 
cancel_chart,Cancel chart, કેન્સલ ચાર્ટ 
toolbar_dispatched,Cancel Dispatch,ડિસ્પેચ કેન્સલ કરો 
cancel_transfer,Cancel Transfer, કેન્સલ ટ્રાન્સફર 
label_cancel_by_branch,CAND Branch, સીએએનડીઆઇ શાખા 
label_cancel_date,CAND Date, સીએએનડી તારીખ 
label_cancel_by_user,CAND User, સીએએનડી વપરાશકાર 
ezetap_payment,Card payment,કાર્ડ ચૂકવણી 
toolbar_rate_inquiry,Cargo | Rate\ETA Inquiry,કાર્ગો|દર\ઇટીએ પૂછપરછ 
cartage,Cartage,કાર્ટેજ 
cash_amount,Cash Amount,રોકડ રકમ 
cash_transactions_and_no_concession,Cash Transactions and No Concession,રોકડ લેવડ દેવડ અને કન્સેશન નથી 
cash,Cash,રોકડ 
cb_cash_amount,CB Cash amount, સીબીઆઇ રોકડ રકમ 
cb_non_cash_amount,CB Non Cash amount,સીબી બિન રોકડ રકમ 
cc_earned,CC Earned,સીસી કમાયેલ 
challan_no,Challan No,ચલન નં 
challan_wise,Challan wise,ચલન અનુસાર 
chart_arrangement_transfer,Chart / Arrangement transfer,ચાર્ટ/ ગોઠવણ ટ્રાન્સફર 
chart_date_wise_report,Chart Date Wise Report,ચાર્ટ તારીખ અનુસાર અહેવાલ 
toolbar_chart_details,Chart Details,ચાર્ટ વિગતો 
toolbar_chart_transfer,Chart Transfer,ચાર્ટ ટ્રાન્સફર 
check_pos_card_and_upi_qr_transaction_details,Check POS Card & UPI QR Transaction Details,પીઓએસ કાર્ડ અને કયુઆર લેવડદેવડ વિગતો 
mode_type,Cheque / Draft / Card #,ચેક/ ડ્રાફ્ટ/ કાર્ડ # 
choose_date,Choose a payment date!,ચૂકવણીની તારીખ પસંદ કરો! 
close,Close,બંધ કરો 
close_all,Close All,બધુ બંધ કરો  
cm,cm,સેમી 
close_sender_details,Close Sender Details,મોકલનારની વિગતો બંધ કરો 
comm,Comm,કોમ 
common_lr,Common LR,સામાન્ય એલઆર 
company,Company,કંપની 
company_branch_user_qr,Company Branch User QR,"""કંપની શાખા વપરાશકાર કયુઆર"""
label_company_name,Company Name, કંપનીનું નામ 
compliance,compliance,પૂર્તિ 
conc_rate,Concession rate,કન્સેસંસ દર  
conc_amt,Conc Amt, કન્સે દર 
conc_pass_no,Conc Pass No.,કન્સે પાસ નં. 
label_confirm_sms,Confirm SMS,એસએમએસ સુનિશ્ચિત કરો 
connect_at_least_4_dots,Connect at least 4 dots,ઓછામાં ઓછા 4 ડોટસને જોડો 
label_consignee,Consignee,માલ મોકલનાર 
Consignment,Consignment,માલસામાન 
consignment_declaration,Consignment Declaration, માલસામાન કબૂલાત 
consignment_refund,Consignment Refund,માલસામાન રીફંડ 
consignment_type,Consignment Type,માલસામાન પ્રકાર 
label_consignor,Consignor,મોકલનાર 
contact_no,Contact No,સંપર્ક નં 
continue_scan,Continue Scan,સ્કેન કરવાનું ચાલુ રહો 
copy_fare,Copy fare,કોપી ભાડું 
coupon_code,Coupon code,કૂપન કોડ 
coupon_discount,Coupon Discount, કૂપન ડિસ્કાઉન્ટ 
label_credit_limit,Credit Limit :,ક્રેડિટ મર્યાદા: 
crossing,Crossing,ક્રોસિંગ 
crossing_cartage,Crossing Cartage,કાર્ટેજ ક્રોસિંગ 
crossing_remarks,Crossing Remarks,ક્રોસિંગ રીમાર્કઝ 
label_crossings,Crossings,ક્રોસિંગ્ઝ 
current_branch,Current Branch, હાલની શાખા 
current_city,Current City,હાલનુ શહેર 
customer_mobile_number,Customer Mobile Number, ગ્રાહક મોબાઈલ નંબર 
customer_name,Customer name,ગ્રાહક નામ 
date,Date,તારીખ 
datetime,Date Time,તારીખ સમય 
label_dddv,DDDV,ડીડીડીવી 
label_dddv_amount,DDDV Amount, ડીડીડીવી રકમ  
label_dddv_dispatch,DDDV Dispatch,ડીડીડીવી ડિસપેચ 
label_dddv_freight,DDDV Freight,ડીડીડીવી નૂર 
label_dddv_gst_other,DDDV GST + Other,ડીડીડીવી જીએસટી+અન્ય 
label_ddv_count1,DDDV LR Count,ડીડીડીવી એલઆર ગણતરી 
label_dddv_receive,DDDV Receive, ડીડીડીવી મેળવો 
label_ddv_count,DDDV Units, ડીડીડીવી એકમો 
label_ddv_ftl,DDDV/FTL,ડીડીડીવી/ એફટીએલ 
declared_value,Declared Value,જાહેર કરાયેલું મૂલ્ય 
delayed_by,Delayed By, ના દ્વારા મોડુ કરાયેલું 
deletee,Delete,કાઢી નાંખો 
delivery_date,Delivery date, ડિલીવરી તારીખ 
delivery_discount,Delivery Discount, ડિલીવરી વળતર 
delivery_gst,Delivery GST, ડિલીવરી જીએસટી 
delivery_hamali_and_extra_hamali,Delivery Hamali and Extra Hamali, ડિલીવરી હમાલી અને વધારાની હમાલી 
delivery_hamali_charges,Delivery Hamali Charges,ડિલીવરી હમાલી દરો 
delivery_other_charges,Delivery Other Charges, ડિલીવરી અન્ય દરો 
delivery_time,Delivery Time, ડિલીવરી સમય 
delivery_transfer,Delivery Transfer, ડિલીવરી ટ્રાન્સફર 
demurrage,Demurrage, ડિમરેજ 
desc,Desc,ડેસ્ક 
label_dest_branch,Dest Branch,લેબલ_દેસ્ટ શાખા દેસ્ટ શાખા 
label_dest_city,Dest City, શહેર ડેસ્ટ શહેર 
label_detail,Detail, વિગત 
receive_report_type_1,Detailed, વિગતવાર 
toolbar_detailed_receive_report,Detailed - Receive Report, વિગતવાર_મેળવો અહેવાલ 
dispatch_report_type_4,Detailed Summary, વિગતવાર સારાંશ 
device_id,Device Id, સાધન આઈડી 
disable_old_devices,Disable Old Devices, અસક્ષમ કરો જૂના સાધનો 
discount_coupon,Discount Coupon, વળતર કૂપન 
label_dis_from_branch,Disp From Branch,એ શાખામાથી ડિસ્પેચ કરો  
label_dis_from_city,Disp From City, શહેરમાથી ડિસ્પેચ કરો  
dispatch_date_time,Dispacth date time,ડિસ્પેચ તારીખ સમય 
label_dispatch_by,Dispatch By, ના દ્વારા ડિસ્પેચ 
label_dispatch_by_city,Dispatch By City,શહેર દ્વારા ડિસ્પેચ 
msg_cancel_dispatch_faild,Dispatch Cancelled Fail, ડિસ્પેચ કેન્સલ્ડ નિષ્ફળ 
msg_cancel_dispatch_success,Dispatch Cancelled Successfully, ડિસ્પેચ કેન્સલ્ડ સફળ 
label_dispatch_date_range,Dispatch Date Range, ડિસ્પેચ તારીખ રેન્જ 
dispatch_date_,Dispatch Date:,ડિસ્પેચ તારીખ: 
dispatch_from,Dispatch From,ની પાસેથી ડિસ્પેચ 
label_dispatch_from_branch,Dispatch From Branch, શાખામાથી ડિસ્પેચ 
dispatch_memo_no,Dispatch memo no,ડિસ્પેચ મેમો નં 
dispatch_more,Dispatch More,ડિસ્પેચ વધારે 
dispatch_new,Dispatch New, ડિસ્પેચ નવું 
dispatch_no,Dispatch No,ડિસ્પેચ નં 
dispatch_report,Dispatch Report, ડિસ્પેચ અહેવાલ 
dispatched_by_branch,Dispatched By Branch,શાખા દ્વારા ડિસ્પેચ કર્યું 
dispatched_to,Dispatched To, ને ડિસ્પેચ કર્યું 
dispatched_from_city,Dispatched from City, આ શહેરમાથી ડિસ્પેચ કર્યું 
dispatched_successfully,Dispatched Successfully,સફળતાપૂર્વક ડિસ્પેચ કર્યું 
label_dispatch_to_branch,Dispatched To Branch,શાખાને ડિસ્પેચ કર્યું 
label_dispatch_to_city,Dispatched To City,શહેરને ડિસ્પેચ કર્યું 
download,Download,ડાઉનલોડ 
dropoff2,Dropoff :, ડ્રોપઓફ: 
dropoff_details,Dropoff Details, ડ્રોપઓફ વિગતો 
msg_drop_off_loading,Dropoff is loading,ડ્રોપ ઓફ લોડીંગ થાય છે 
dropoff_location,Dropoff Location, ડ્રોપઓફ સ્થળ 
edit,Edit, એડિટ 
label_edit_dispatch,Edit Dispatch, એડિટ ડિસ્પેચ 
email_id,Email ID,ઈમેઈલ આઈડી 
enable_printing,Enable Printing, પ્રિન્ટીંગ સક્ષમ કરો 
end_price,End price,અંતિમ મૂલ્ય 
enter_booking_id,Enter Booking Id,બુકિંગ આઈડી દાખલ કરો 
label_correct_eway_bill,Enter Correct Eway Bill,યોગ્ય ઇવે બિલ દાખલ કરો 
enter_coupon_code,Enter Coupon Code, કૂપન કોડ દાખલ કરો 
otp,Enter OTP,ઓટીપી દાખલ કરો 
enter_passenger_details_to_send_link,Enter passenger details to send link,લિન્ક મોકલવા માટે મુસાફર વિગતો દાખલ કરો 
enter_passenger_mobile_no,Enter passenger mobile no,મુસાફરનો મોબાઈલ નં દાખલ કરો 
enter_sender_id_number,Enter Sender ID Number, મોકલનારનો આઈડી નંબર દાખલ કરો 
enter_transaction_code,Enter transaction code,લેવડ દેવડ કોડ દાખલ કરો 
enter_vehicle_no,Enter Vehicle No., વાહન નં દાખલ કરો. 
error_non_reporting_seat,Error while non-reporting seats!,બિન-અહેવાલજન્ય સીટઝ દરમ્યાન ભૂલ! 
error_storing_in_cache,Error while storing into cache!,કેશમાં સંગ્રહ કરવા દરમ્યાન ખામી! 
label_eta_days,ETA (Days),ઇટીએ(દિવસો)
ewb_status,EWB Status, ઇડબલ્યુબી સ્ટેટસ 
express_checkout,Express Checkout, એક્ષપ્રેસ ચેકઆઉટ 
extra_hamali_charges,Extra Hamali Charges,વધારાના હમાલી દર 
fare_copy,Fare Copy, ભાડા કોપી 
fare_in_rupees,Fare in rs, રૂપિયામાં ભાડું 
fare_refund,Fare Refund,ભાડું રીફંડ
female,Female,માદા 
fetch_pending_transactions,Fetch Pending Transactions, પડતર લેવડ દેવડ લઈ આવો 
filter,Filter,ફિલ્ટર 
foc,FOC,એફએઓસી 
label_foc_self_amount,FOC + Self Amount,એફઓસી+ સ્વ રકમ 
label_foc_self_freight,FOC + Self Freight, એફઓસી+ સ્વ નૂર 
label_foc_self_gst_other,FOC + Self GST+ Other, એફઓસી+ સ્વ જીએસટી+ અન્ય 
label_foc_self_lr_count1,FOC + Self LR Count, એફઓસી+ સ્વ એલઆર ગણતરી 
label_foc_self_lr_count,FOC + Self Units, એફઓસી+ સ્વ એકમો 
for_approval,FOC approval authority,એફઓસી માન્યતા સતા 
for_security,For security,સલામતી માટે 
for_security_confirm_pattern,For security Confirm Pattern,"""સલામતી માટે પેટર્ન સુનિશ્ચિત કરો"" "
four,Four,ચાર 
label_amount_tooltext,Freight + Hamali + Cartage, નૂર+હમાલી+કાર્ટેજ 
from_branch,From branch, શાખાએથી 
from_gallery,From Gallery,ગેલેરીએથી 
label_from_lr_booking_date,From LR Booking Date, એલઆર બુકિંગ તારીખેથી 
from_stage,From Stage,સ્ટેજમાથી 
label_ftl,FTL, એફટીએલ 
generated_on,Generated on,ના ઉપર જનરેટ કરવામાં આવ્યું 
generate_qr_for_scanning,Generate QR for scanning, સ્કેનિંગ માટે કયુઆર જનરેટ કરો  
generated_date_and_time,Generated Date and Time,તારીખ અને સમય જનરેટ કરો  
label_report_generation_time,Generation Time:, જનરેશન સમય: 
get_orders,Get Orders, આદેશો મેળવો 
get_qr_to_scan,Get QR to scan,કયુઆરથી સ્કેન મેળવો 
label_go,GO,ગો
go_to_seatchart,go to seat chart,સીટ ચાર્ટ ઉપર જાઓ 
godown,Godown,ગોડાઉન 
loading_godown_city_list,Godown City List is loading!, ગોડાઉન શહેર યાદી લોડ થઈ રહી છે! 
group_boarding_report,Group Boarding Report, જૂથ બોર્ડિંગ અહેવાલ 
gst_on_cc_plus,GST on CC (+) :,સીસી(+) ઉપર જીએસટી: 
gstn_paid_by_transporter,(GSTN paid by Transporter), (જીએસટીએન ટ્રાન્સપોર્ટર દ્વારા ચૂકવ્યા) 
gstn,GSTN,જીએસટીએન 
hamali_and_operator_hamali,Hamali and Operator Hamali, હમાલી અને સંચાલક હમાલી 
label_hide_qr,Hide QR,હાઈડ કયુઆર 
hired_vehicle,Hired vehicle,વાહન ભાડે કર્યું 
hold_release,Hold release,મુકત થવાને અટકાવવું 
hrs,Hrs, કલાકો 
i_was_there,I was there,હું ત્યાં હતો 
in_bus_bookings,In Bus Bookings, બસ બુકિંગ્ઝમાં 
inch,inch,ઈંચ 
label_correct_information,Is the information correct?, શું તે માહિતી ખરી છે? 
isd_code,ISD,આઈએસડી 
issuer,Issuer,ઇસ્યુ કરનાર 
item_name,Item Name,વિગતનું નામ 
item_type_,Item type,વિગત પ્રકાર 
jour_dt,Jour. Dt,મુસાફરી.તારીખ 
tv_landmark,Landmark, લેન્ડમાર્ક 
legal_compliance,Legal Compliance, કાયદાકીય પૂર્તિ 
less,Less,ઓછું 
lit,LIT,લિટ 
loading_data,Loading Data..., લોડીંગ ડેટા... 
label_location_not_provided,Location is not provided, સ્થળ પૂરું પાડવામાં આવ્યું નથી 
tv_location_name,Location name, સ્થળનું નામ 
tv_location_time,Location time, સ્થળનો સમય 
location_sync_is_in_progress,Location sync is in progress..., સ્થળનું સિંક પ્રગતિમાં છે.... 
label_lr_count,LR Count/Unit,એલઆર ગણતરી/એકમ 
label_lr_details,LR Details,એલઆર વિગતો 
lr_number,LR Number,એલઆર નંબર 
lr_report,LR Report,એલઆર અહેવાલ 
lrs,LRs, એલઆરએસ 
luggage_short_received_successfully,Luggage Short Received Successfully!,માલસામાન શોર્ટ સફળતાપૂર્વક મેળવ્યો! 
male,Male,નર 
manage_devices,Manage Devices,સાધનોને મેનેજ કરો 
travels_name,Mantis travels,મંટીસ ટ્રાવેલ્સ 
manuel_lr_no,Manual LR No, મેન્યુલ એલઆર નં 
method_of_packing,Method Of Packing,પેકિંગની પધ્ધતિ 
cover_freight_restrictions,Minimum freight should be 40, ન્યૂનતમ નૂર 40 હોવું જોઈએ 
packet_freight_restrictions,Minimum freight should be 90, ન્યૂનતમ નૂર 90 હોવું જોઈએ
mins,Mins,ન્યૂનતમ 
mm,mm,મીમી 
mobile_number,Mobile number, મોબાઈલ નંબર 
mod_charges_plus,Mod. charges (+) :, મોડ.દરો(+): 
month,Month,મહિનો 
monthly,Monthly, માસિક 
more,More,વધુ 
label_more,more, વધુ 
net_fare,Net fare,કુલ ભાડું 
net_fare_with_gst,Net fare with GST, જીએસટી સાથે કુલ ભાડું 
netrate,Netrate, કુલ દર 
net_total,Net Total,કુલ ટોટલ 
neww,New,નવું 
new_bus_type,New Bus Type, નવી બસ પ્રકાર 
label_new_Seat_chart,new Chart, નવો ચાર્ટ 
label_new_drop_off,New Dropoff, નવો ડ્રોપઓફ 
label_new_pick_up,New Pickup, નવો પીકઅપ 
label_new_seat,New Seats,નવી સીટઝ 
next_trips,Next Trips, હવે પછીની ટ્રીપ્ઝ 
no_data_found,No Data Found,કોઈ ડેટા જોવા મળ્યો નથી 
no_godown_branch_found,No Godown Branch Found, કોઈ ગો ડાઉન શાખા જોવા મળી નથી 
no_godown_cities,No Godown Cities Found, કોઈ ગો ડાઉન શહેરો જોવા મળ્યા નથી 
dispatch_report_type_8,No Vehicle Group, કોઈ વાહન જૂથ નથી 
non_cash_amount,Non Cash amount, બિન રોકડ રકમ 
non_report_seat,Non Report Seat, બિન અહેવાલ સીટ 
label_nop_units,NOP/Units,એનઓપી/ એકમો 
not_available,Not Available,ઉપલબ્ધ નથી 
number_given,Number given, સંખ્યા આપવામાં આવી છે 
label_offline,Offline,ઓફલાઈન 
offline_bkg_cash_amnt,Offline Bkg Cash Amt,ઓફલાઈન બીકેજી રોકડ રકમ 
offline_bkg_non_cash_amnt,Offline Bkg Non Cash Amt,ઓફલાઈન બીકેજી બિન રોકડ રકમ
label_old_Seat_chart,Old Chart, જૂનો ચાર્ટ 
label_old_drop_off,Old Dropoff, જૂનો ડ્રોપ ઓફ 
label_old_pick_up,Old Pickup,જૂનો પિકઅપ 
label_old_seat,Old Seats,જૂની સીટઝ 
onaccount,OnAccount,ખાતામાં 
label_on_account_amount,OnAccount Amount, ખાતામાં રકમ 
label_on_account_amt,OnAccount Amt, ખાતામાં રકમ 
label_on_account_freight,OnAccount Freight, ખાતામાં નૂર 
label_on_account_gst_other,OnAccount GST + Other, ખાતામાં જીએસટી + અન્ય 
label_on_account_lr_count1,OnAccount LR Count, ખાતામાં એલઆર ગણતરી 
label_on_account_lr_count,OnAccount Units, ખાતામાં એકમો  
label_online,Online,ઓનલાઈન 
op_name,Opearor name, ઓપેરરનું નામ 
open_report,Open Report,અહેવાલ ખોલો 
open_ticket,Open Ticket,ખોલો ટીકીટ 
operator_hamali,Operator Hamali,સંચાલક હમાલી 
or,Or,અથવા 
order_id,Order ID,ઓર્ડર આઈડી 
order_list,Order list,ઓર્ડર યાદી 
other_charges,Other Charges,અન્ય દરો 
other_expenses,Other expenses, અન્ય ખર્ચાઓ 
other_qrs,Other QRs,અન્ય કયુઆરએસ 
other_transactions,Other transactions,અન્ય લેવડ દેવડો 
otp_sent_to_your_mobile_number,OTP sent to you mobile number, તમારા મોબાઈલ નંબર ઉપર ઓટીપી મોકલ્યો 
label_paid_amount,Paid Amount,રકમ ચૂકવી 
label_paid_freight,Paid Freight, નૂર ચૂકવ્યું  
label_paid_gst_other,Paid GST + Other,જીએસટી+ અન્ય ચૂકવ્યું  
label_paid_lr_count1,Paid LR Count,એલઆર ગણતરી ચૂકવી 
label_paid_lr_count,Paid Units, એકમો ચૂકવ્યા  
party_address,Party Address, પાર્ટી સરનામું 
party_bill_date,Party Bill Date,પાર્ટી બિલ તારીખ 
party_bill_value,Party Bill Value,પાર્ટી બિલ મૂલ્ય 
party_credit_limit,Party creditLimit,પાર્ટી ક્રેડિટ લિમિટ 
party_details,Party Details,પાર્ટી વિગતો 
party_email_id,Party Email ID,પાર્ટી ઈમેઈલ આઈડી
party_gstn,Party GSTN,પાર્ટી જીએસટીએન 
hint_party_id,Party ID, પાર્ટી આઈડી 
party_mobile,Party Mobile No,પાર્ટી મોબાઈલ નં 
party_name,Party Name,પાર્ટીનું નામ 
party_number,Party Number,પાર્ટી સંખ્યા 
party_pin_code,Party Pincode,પાર્ટી પિનકોડ 
amntin_rs,Pass penalty, પાસા પેનલ્ટી 
passenger_number,Passenger Number, મુસાફર ક્રમાંક 
passenger_report,Passenger Report,મુસાફર અહેવાલ
path_route,Path route,પાથ રૂટ 
pay,Pay,ચૂકવો 
payment_info,Payment info,ચૂકવણી માહિતી 
label_payment_summary,Payment Summary -,ચૂકવણી સારાંશ- 
payout_type,Payout Type,પેઆઉટ પ્રકાર 
pdbf_voucher,PBDF Voucher,પીબીડીએફ વાઉચર 
pd_refund,PD Charges Refund, પીડી ચાર્જ રીફંડ 
phone,Phone, ફોન 
pd_charge,Pickup dropoff charge,પીક અપ ડ્રોપ ઓફ ચાર્જ 
pickup_group,Pickup Group, પીકઅપ જૂથ 
msg_pickup_loading,Pickup is loading, પીકઅપ લોડ થાય છે 
pickup_location,Pickup Location,પીકઅપ સ્થળ 
pickup_point,Pickup Point, પીકઅપ પોઈન્ટ 
pickup_man_mob_no,Pickupman mobile number, પીકઅપમેન મોબાઈલ નંબર 
pin,Pin, પીન 
pinCode,Pincode, પીનકોડ 
please,Please,કૃપા કરીને 
please_enter_collection_cartage,Please enter Collection cartage,કૃપા કરીને કલેક્ષન કાર્ટેજ દાખલ કરો  
please_enter_crossing_remarks,Please enter Crossing Remarks, કૃપા કરીને ક્રોસિંગ રીમાર્ક દાખલ કરો 
please_enter_goods_value,Please enter goods value,કૃપા કરીને સામાન મૂલ્ય દાખલ કરો 
message_type_2,Please select booked seats,કૃપા કરીને બુક કરેલ સીટઝને પસંદ કરો 
label_select_different_seat,Please select different seat,કૃપા કરીનેજુદીજુદી સીટ પસંદ કરો 
message_type_1,Please select empty seats,કૃપા કરીને ખાલી સીટઝ પસંદ કરો 
select_godown_city_first,Please select Godown City first,કૃપા કરીને ગોડાઉન શહેર પ્રથમ પસંદ કરો 
self_booking_pnr,PNR Number,પીએનઆર ક્રમાંક 
pnr_number,PNR number, પીએનઆર ક્રમાંક 
pos,POS,પીઓએસ 
pre_bus_type,Pre Bus Type, પ્રિ બસ પ્રકાર 
prepaid_card,Prepaid Card, પ્રીપેઈડ કાર્ડ 
primary_mobile_number,Primary mobile number, પ્રાથમિક મોબાઈલ નંબર 
print,Print, પ્રિન્ટ 
print_cust_copy,Print customer copy,પ્રિન્ટ ગ્રાહક કોપી 
print_compact_receipt,Print Compact Receipt, પ્રિન્ટ કોમ્પેકટ રીસીપ્ટ 
print_detailed_receipt,Print Detailed Receipt, પ્રિન્ટ વિગતવાર રીસીપ્ટ 
print_office_copy,Print office copy,પ્રિન્ટ ઓફિસ કોપી 
print_remarks,Print Remarks, પ્રિન્ટ રીમાર્કઝ 
print_report,Print Report,પ્રિન્ટ અહેવાલ 
provide_contact_details_to_send_express_checkout,Provide contact details to send Express Checkout,એક્ષપ્રેસ ચેકઆઉટ મોકલવા માટે સંપર્ક વિગતો પૂરી પાડો 
qr,QR,કયું આર 
qr_selection_type,QR Selection Type,કયુઆર પસંદગી પ્રકાર 
label_qr_pending_payment,QR Pending Payments, કયુઆર પડતર ચૂકવણીઓ 
quick_view_detail,Quick View Detail,ત્વરીત વ્યૂ વિગતવાર 
quota_of,Quota of,નો કવોટા 
label_rate_per_kg,Rate (Rs/KG), દર (રૂ/કિગ્રા) 
transfer_reason,Reason,કારણ 
reason_for_refund,Reason for refund,રીફંડ માટે કારણ 
receipt,Receipt,રીસીપ્ટ 
receipt_type,Receipt Type,રીસીપ્ટ પ્રકાર 
label_receive_branch,Receive Branch,શાખા મેળવો 
receive_city,Receive City,શહેર મેળવો 
received_by,Received By,ના દ્વારા મેળવ્યું 
received_by_branch,Received By Branch, શાખા દ્વારા મેળવ્યું 
receiver_id_proof,Receiver Id Proof, મેળવનાર આઈડી પ્રૂફ 
receiver_id_proof_no,Receiver Id Proof No, મેળવનાર આઈડી પ્રૂફ નં. 
receiver_image_id,Receiver Image Id, મેળવનાર ઇમેજ આઈડી  
receiver_mobile_no_,Receiver mobile No,મેળવનાર મોબાઈલ નં  
label_receiver_name,Receiver Name, મેળવનારનું નામ 
receiver_city_and_state,Receiver City & State, મેળવનાર શહેર અને રાજય 
receiver_pin_code,Receiver Pincode,મેળવનાર પિન કોડ 
label_receiving_branch,Receiving Branch,મેળવતી શાખા 
lebel_receiving_city,Receiving City, મેળવતું શહેર 
recharge_amount,Recharge amount,રીચાર્જ રકમ 
label_recharge_date,RechargeDate:, રીચાર્જ તારીખ: 
receiver_name_,Reciever Name,મેળવનારનું નામ 
refresh,Refresh, રીફ્રેશ 
refund_amount,Refund amount,રીફંડ રકમ 
refund_success,Refund is successful,રીફંડ સફળ થઈ ગયું છે 
remote_pos,Remote POS,રીમોટ પીઓએસ 
report_type,Report Type, પ્રકાર જણાવો 
request_recharge,Request Recharge,રીચાર્જ વિનંતી 
resend_otp,Resend, ફરી મોકલો 
reset,Reset,રીસેટ 
review_and_pay,Review and Pay, રીવ્યુ અને ચૂકવો 
review_and_proceed,Review and proceed, રીવ્યુ અને આગળ વધો 
label_route_is_loading,Route is loading, રૂટ લોડ થાય છે 
s1,S1,એસ1 
s3,S3,એસ3 
s5,S5,એસ5 
scan,Scan, સ્કેન 
search_driver,Search Driver, સર્ચ ડ્રાઈવર 
search_with_name,Search with Name,સર્ચ નામ સાથે 
seat_fare,Seat Fare, સીટ ભાડું 
seat_numbers,Seat Numbers,સીટ નંબરો 
seat_type_number,Seat type number, સીટ પ્રકાર નંબર 
select_agent_name,Select Agent Name,એજન્ટનું નામ પસંદ કરો 
select_agent_city,Select Agent City,એજન્ટનું શહેર પસંદ કરો 
select_all,Select All, બધુ પસંદ કરો 
label_select_booking_type,Select Booking Type,બુકિંગ પ્રકાર પસંદ કરો 
toolbar_select_from_map,Select Branch From Map, નકશામાથી શાખા પસંદ કરો 
label_select_chart,Select Chart, ચાર્ટ પસંદ કરો 
error_select_chart,Select chart for transfer, ટ્રાન્સફર માટે ચાર્ટ પસંદ કરો 
select_consignment_type,Select Consignment Type, પસંદ કરો માલસામાન પ્રકાર 
select_coupon_type,Select Coupon Type,પસંદ કરો કૂપન પ્રકાર 
select_destination_city_short,Select Destination City,પસંદ કરો પહોંચવાનું શહેર 
select_dispatch_by_branch,Select Dispatch By Branch,પસંદ કરોશાખા દ્વારા ડિસ્પેચ 
saved_details,Select from saved details, સેવ કરેલ વિગતોમાથી પસંદ કરો. 
select_id_proof_type,Select ID Proof, પસંદ કરોઆઈડી પ્રૂફ 
select_input_type,Select input type,પસંદ કરો ઈનપુટ પ્રકાર 
select_issuer,Select issuer,પસંદ કરો ઇસ્યુ કરનાર
select_item_type,Select item type, પસંદ કરો વિગત પ્રકાર 
select_items,Select Items,પસંદ કરો વિગતો 
select_ledger,Select Ledger,પસંદ કરો લેજર 
label_select_new_drop_off,Select New Dropoff,પસંદ કરો નવું ડ્રોપઓફ 
label_select_new_pick_up,Select New Pickup,નવું પીક અપ પસંદ કરો 
select_party,Select Party,પસંદ કરો પાર્ટી 
select_payment_mode,Select Payment Mode,પસંદ કરો ચૂકવણી મોડ 
select_pickup_droooff,Select Pickup & Dropoff,પસંદ કરો પીક અપ અને ડ્રોપ ઓફ 
select_month,Select month,પસંદ કરો મહિનો 
select_pnr,Select PNR,પસંદ કરો પીએનઆર 
select_qr_payment_mode,Select QR payment mode,પસંદ કરો કયુઆર ચૂકવણી મોડ 
select_qr_provider,Select QR Provider, પસંદ કરો કયુઆર પૂરું પાડનાર 
label_select_received_by_branch,Select Received By Branch,શાખા દ્વારા મેળવવામાં આવ્યું ને પસંદ કરો 
select_receving_branch,Select Receving Branch,મેળવનાર શાખાને પસંદ કરો 
select_receiver_id_type,Select Receiver ID Type, પસંદ કરો મેળવનાર આઈડી પ્રકાર 
label_select_report_type,Select Report Type,પસંદ કરો અહેવાલ પ્રકાર 
select_seats,Select Seats, સીટઝ પસંદ કરો 
select_sender_id_type,Select Sender ID Type,પસંદ કરો મોકલનાર આઈડી પ્રકાર 
label_select_summary_type,Select Summary Type, સારાંશ પ્રકાર પસંદ કરો 
toolbar_report_type,Select Summary Type,સારાંશ પ્રકાર પસંદ કરો 
select_transfer_branch,Select Transfer Branch, ટ્રાન્સફર શાખા પસંદ કરો 
select_transfer_branch_in,Select Transfer Branch in, પસંદ કરો શાખા માં ટ્રાન્સફર  
select_vehicle_no,select Vehicle No,પસંદ કરો વાહન નં 
selected_lr_no,Selected LR No, પસંદ કરેલ એલઆર નં 
label_select_seat,Selected old seats, પસંદ કરેલ જૂની સીટો 
selected_trans_ids,Selected Trans. Ids, પસંદ કરેલ ટ્રાન્સ. આઈડી 
label_self,Self, સેલ્ફ 
label_self_freight,Self Freight,સેલ્ફ નૂર 
send_gps_link,Send GPS Link, જીપીએસ લિન્ક મોકલો 
send_i_was_there,Send I was there SMS, હું ત્યાં હતો તે એસએમએસ મોકલો 
send_link_to_multiple_passenger,Send link to multiple passenger, ઘણાં બધાં મુસાફરને લિન્ક મોકલો 
send_express_checkout,Send Express Checkout, મોકલો એક્ષપ્રેસ ચેકઆઉટ 
sender_city_and_state,Sender City & State, મોકલનાર શહેર અને રાજય 
sender_id_and_image,Sender ID & Image, મોકલનાર આઈડી અને ઇમેજ 
sender_id_image,Sender ID Image, મોકલનાર આઈડી ઇમેજ 
sender_id_proof,Sender ID Proof,મોકલનાર આઈડી પ્રૂફ 
sender_id_proof_no,Sender ID Proof No,મોકલનાર આઈડી પ્રૂફ નં 
sender_image,Sender Image,મોકલનારઇમેજ 
sender_mobile_no_,Sender mobile No,મોકલનાર મોબાઈલ નં 
service_name,Service Name,સર્વિસ નામ 
short_receive,Short Receive,શોર્ટ મેળવવું 
show_all,Show All, બધુ બતાવો 
label_show_auto_receive,Show Auto Receive Only,માત્ર ઓટો મેળવો બતાવો 
show_date,Show date,તારીખ બતાવો 
show_list,Show List,યાદી બતાવો 
show_list_all,Show list all,બધી યાદી બતાવો 
label_near_by_branches,Show Nearby Branches, નજીકની શાખાઓ બતાવો 
show_qr,Show QR,બતાવો કયુઆર 
label_rate_enquiry,Show Rate,બતાવો દર 
show_time,Show time, સમય બતાવો 
sms_info,SMS Info, એસએમએસ માહિતી 
sms_pnr_info,SMS PNR Info, એસએમએસ પીએનઆર માહિતી 
label_sms_success,Sms sent successfully, એસએમએસ સફળતાપૂર્વક મોકલ્યો 
sms_template,SMS Template, એસએમએસ ટેમ્પલેટ 
sms_template_here,SMS Template Here.., એસએમએસ ટેમ્પલેટ અહીંયા.. 
sms_type,SMS Type, એસએમએસ પ્રકાર
source_branch,Source Branch, સંશાધન શાખા 
source_city,Source City, સંશાધન શહેર 
special_vehicle,Special vehicle,ખાસ વાહન 
label_sr,Sr., સી. 
staff_mno,Staff MNo., સ્ટાફ એમએનઓ. 
dec_date,Start date,શરૂઆતની તારીખ 
start_date,Start date,શરૂઆતની તારીખ
start_recording,Start recording, રેકોર્ડિંગની શરૂઆત 
start_syncing,Start Syncing, સિંકિંગ શરૂ કરો 
stop_recording,Stop recording, રેકોર્ડિંગ બંધ કરો 
stop_syncing,Stop Syncing, બીએમડીએચ કરો સિંકિંગ 
stop_trip,Stop Trip,બંધ કરો ટ્રીપ 
submit_otp,Submit OTP,ઓટીપી સુપ્રત કરો 
receive_report_type_2,Summary, સારાંશ 
toolbar_summary_receive_report,Summary -Receive Report,સારાંશ- મેળવો અહેવાલ 
dispatch_report_type_3,Summary Only, માત્ર સારાંશ 
dispatch_report_type_5,Summary with Hamali & Cartage, સારાંશ હમાલી અને કાર્ટેજ સાથે 
dispatch_report_type_6,Summary with other charges,અન્ય દર સાથે સારાંશ 
swiping_charges,Swiping Charges, સ્વાઈપીંગ દરો 
label_tnc,T&C,નિયમો અને શરતો 
test,Test,કસોટી 
label_already_added,This Eway bill already added, એ ઇવે બિલને ઉમેરી દેવામાં આવ્યું છે 
tv_given_time,Time, સમય 
end_date,To Date, તારીખે 
to_stage,To Stage, પ્રતિ સ્ટેજ 
label_to_lr_booking_date,To LR Booking Date, થી એલઆર બુકિંગ તારીખ 
label_to_pay,To-Pay, ચૂકવવા માટે 
offline_trips_tonetag,Tonetag - Offline trips, ટોનટેગ-ઓફલાઇન ટ્રીપ્ઝ 
topay,Topay, ચૂકવવા માટે 
label_to_pay_amount,ToPay Amount,ચૂકવવા માટે રકમ 
label_to_pay_freight,ToPay Freight,નૂર ચૂકવવા માટે 
label_to_pay_gst_other,ToPay GST + Other, જીએસટી+અન્ય ચૂકવવા માટે 
label_to_pay_lr_count,ToPay LR Count, એલઆર ગણતરી ચૂકવવા માટે 
label_to_pay_units,ToPay Units, એકમોને ચૂકવવા માટે 
total_damage_qty,Total Damage Qty,કુલ જથ્થાને નુકશાન 
total_eway_bill_count,Total Eway Bill Count, કુલ ઇવે બિલ ગણતરી 
total_fare_gst,Total Fare(+GST), કુલ ભાડું (+જીએસટી) 
total_freight,Total Freight, કુલ ભાડું 
total_gst,Total GST, કુલ જીએસટી 
label_total_gst_other,Total GST + Other, કુલ જીએસટી+અન્ય 
total_items_,Total Items:,કુલ વિગતો: 
total_lr_count,Total LR Count, કુલ એલઆર ગણતરી 
label_total_net_amount,Total Net Amount,કુલ ચોખ્ખી રકમ 
total_qty,Total Qty,કુલ જથ્થો 
total_short_qty,Total Short Qty,કુલ શોર્ટ જથ્થો 
total_units,Total Units,કુલ એકમો 
transaction_amount,Transaction amount, લેવડ દેવડ રકમ 
trans_amount,Transaction amount, લેવડ દેવડ રકમ 
transaction_code_,Transaction code,લેવડ દેવડ કોડ 
trans_dt_time,Transaction date time, લેવડ દેવડ તારીખ સમય 
transaction_id,Transaction Id, લેવડ દેવડ આઈડી 
transaction_status,Transaction Status,લેવડ દેવડ સ્ટેટસ 
transfer,Transfer,ટ્રાન્સફર 
transfer_all,Transfer all, ટ્રાન્સફર બધાં 
transfer_by_branch,Transfer By Branch, શાખા દ્વારા ટ્રાન્સફર 
transfer_by_user,Transfer By User,વપરાશકાર દ્વારા ટ્રાન્સફર 
transfer_branch,Transfer Branch,ટ્રાન્સફર શાખા 
transfer_date,Transfer Date, ટ્રાન્સફર તારીખ. 
error_transfer_insert,Transfer Failed! Try again, શાખામાથી ટ્રાન્સફર 
label_transfer_from_branch,Transfer From Branch, શાખામાથી ટ્રાન્સફર 
label_transfer_from_city,Transfer From City, શહેરમાથી ટ્રાન્સફર 
transfer_luggage,Transfer Luggage, ટ્રાન્સફર સામાન 
transfer_new,Transfer New,ટ્રાન્સફર નવું 
transfer_receive,Transfer Receive, ટ્રાન્સફર મેળવવું 
msg_transfer_success,Transfer Success,ટ્રાન્સફર સફળ 
transfer_to,Transfer To,ને ટ્રાન્સફર
transfer_to_branch,Transfer To Branch, શાખામાં ટ્રાન્સફર 
transfer_to_city,Transfer To City,શહેરમાં ટ્રાન્સફર 
transfer_type,Transfer Type, ટ્રાન્સફરપ્રકાર 
transporter_name,Transporter Name,ટ્રાન્સપોર્ટરનું નામ 
tv_trip_name,Trip name, ટ્રીપનું નામ 
type_of_collection,Type of collection, કલેક્ષનનો પ્રકાર 
type_of_goods,Type of goods,સામાનનો પ્રકાર 
units,Units,એકમો 
unknown,Unknown,અજાણ્યા 
upi_qr,UPI QR,યુપીઆઈ કયુઆર 
upload_receiver_image,Upload Receiver Image,અપલોડ મેળવનાર ઇમેજ 
upload_receiver_image_and_id,Upload Receiver Image and Id,અપલોડ મેળવનાર ઇમેજ અને આઈડી 
upload_receiver_id_image,Upload Receiver Id Image, અપલોડ મેળવનાર આઈડી ઇમેજ 
upload_sender_id_image,Upload Sender ID Image, અપલોડ મોકલનાર આઈડી ઇમેજ 
upload_sender_image,Upload Sender Image, અપલોડ મોકલનાર ઇમેજ 
label_usages,Usage :,વપરાશકાર: 
label_user_location,User Location Point :, વપરાશકાર સ્થળ પોઈન્ટ: 
valid,Valid,માન્ય 
validate,Validate,માન્ય કરવું 
validate_boarding,Validate Boarding for seat, સીટ માટે બોર્ડિંગ માન્ય કરવું 
validate_with_pin,Validation with pin, પીન સાથે માન્ય કરવું 
validity,Validity,માન્યતા 
valuation_charge,Valuation Charge, ચાર્જ મૂલ્યાંકન 
vehicle,Vehicle, વાહન 
label_vehicle_wise,vehicle wise,વાહન અનુસાર 
vehicle_wise,vehicle wise,વાહન અનુસાર 
vehicle_wise_challan_wise_summary,Vehicle-wise Challan-wise Summary, વાહન_અનુસાર ચલણ- અનુસાર સારાંશ 
dispatch_report_type_2,Vehicle-wise Summary (Cancelled dispatch),વાહન-અનુસાર સારાંશ ( ડિસ્પેચ કેન્સલ કરો) 
verify,Verify, ચકાસો 
verification_status,Verification Status, ચકાસણી સ્ટેટસ 
version_name,Version name, આવૃતિ નામ 
view_coupons,View Coupons, વ્યૂ કુપન્સ 
voucher_success,Voucher success,વાઉચર સફળ 
weight_charge,Weight Charge,વજન ચાર્જ 
blocked_lrno_is,Blocked LRNO is,ન્લોક કરેલ એલઆર નં છે 
label_gps_config_fail,Bus not assigned or GPS not configured., બસ ફાળવેલ નથી અથવા જીપીએસ કંફીગ્યુર્ડ નથી. 
click_swipe_machine,Click preferred swipe machine type to proceed,આગળ વધવા માટે અગરીમતાવાળા સ્વાઈપ મશીનના પ્રકારને કલીક કરો 
inactive_trip,Currently all sub-routes are closed !,હાલમાં બધાં જ પેટા-માર્ગો બીએમડીએચ કરવામાં આવ્યા છે!
change_destination_branch,Do you want to change the Destination Branch?, શું તમે ડેસ્ટીનેશન શાખા બદલવા માંગો છો? 
enter_4_digits_pin,Enter 4 digits pin, 4 ડિજીટસ પીન દાખલ કરો 
msg_if_you_have_forgotten,*If you have forgotten the saved pattern  logoutlogin and create a new pattern," જો સેવ કરેલી પેટર્ન તમે ભૂલી ગયા છો લૉગઆઉટ થઈ લોગીન થાઓ અને નવી પેટર્ન બનાવો"" "
payment_modes_not_loaded,Payment modes list is not loaded!,ચૂકવણી મોડની યાદી લોડ કરેલ નથી! 
label_select_ewaybill,Please Select At Least One Eway Bill,કૃપા કરીને ઓછામાં ઓછા એક ઇવે બિલને પસંદ કરો 
qr_valid_fail,QR validation failed, કયુઆર માન્યતા નિષ્ફળ 
rate_entered_for_party,Rate Entered For Party Booking Does Not Match Assigned Rate!,પાર્ટી બુકિંગ માટે દાખલ કરવામાં આવેલો દર ફાળવવામાં આવેલ દર સાથે બંધ બેસતો નથી! 
msg_confirm_non_report_seat,Seat will be non-reported by following action., સીટને નીચેની ક્રિયા દ્બારા અહેવાલ કરવામાં આવશે નહીં. 
message_ewaybilt_different_transporter,Transporter-ID does not match to yours, ટ્રાન્સપોર્ટર-આઈડી તમારા સાથે બંધ બેસતો નથી 
trip_detail_not_found_error,Trip Details Not Found For Selected Chart Date,ટ્રીપ વિગતો પસ્મ્દ કરેલા ચાર્ટની તારીખ માટે મળી નથી 
volumetric_inch,Volumetric Weight(KG) =(Length*Width*Height*16.3871/5000),વોલ્યુમેટ્રીક વજન (કિગ્રા)+ (લંબાઈ*પહોળાઈ*ઊંચાઈ*16.3871/5000) 
volumetric_cm,Volumetric Weight(KG) =(Length*Width*Height/5000),વોલ્યુમેટ્રીક વજન (કિગ્રા)+ ( લંબાઈ*પહોળાઈ*ઊંચાઈ/5000) 
volumetric_mm,Volumetric Weight(KG) =(Length*Width*Height/5000000),વોલ્યુમેટ્રીક વજન (કિગ્રા)= ( લંબાઈ*પહોળાઈ*ઊંચાઈ/ 5000000) 
booking_reprint,Booking reprint,બુકિંગ રીપ્રિન્ટ 
booking_cancel,Booking cancel, બુકિંગ કેન્સલ 
delivery_cancel,Delivery cancel, ડિલીવરી કેન્સલ 
delivery_reprint,Delivery reprint,ડિલીવરી રીપ્રિન્ટ 
booking_date_and_time,Booking Date & Time, બુકિંગ તારીખ અને સમય 
way_bill_no_lr_no,Way Bill No (LR No.), વે બિલ નં (એલઆર નં.) 
reprint_duplicate_copy,REPRINT (DUPLICATE COPY),રીપ્રિન્ટ (ડુપ્લીકેટ કોપી) 
delivery_date_and_time,Delivery Date & Time,ડિલીવરી તારીખ અને સમય 
received_date_and_time,Received Date & Time,મેળવેલ તારીખ અને સમય 
more_options_underline,More Options,વધુ વિકલ્પો 
more_options_fields_underline,More Optional Fields,વધુ વૈકલ્પિક ક્ષેત્રો 
charged_weight,Charged Weight,ચાર્જ કરેલ વજન 
delivered_by,Delivered By, ના દ્વારા ડિલીવરી કરેલ 
delivery_charge,Delivery Charge, ડિલીવરી ચાર્જ 
search_new_lr,search new lr,નવું એલઆર 
dispatch_remarks,Dispatch Remarks,ડિસ્પેચ રીમાર્કઝ 
receive_remarks,Receive Remarks, મેળવો રીમાર્કઝ 
select_option_search_by,Select Option Search By, ના દ્વારા વિકલ્પ શોધને પસંદ કરો 
not_authorised,Not Authorised, અધિકૃત નથી 
location_setting,Location settings, સ્થળ સેટીંગ્ઝ 
fetch_failed,Fetch failed, લઈ આવવાનું નિષ્ફળ 
terms_of_use,Terms of use, ઉપયોગની શરતો 
privacy_policy,Privacy policy,પ્રાયવસી પોલીસી 
data_pending_to_upload,Data pending to upload!,અપલોડ કરવા માટે ડેટા પડતર! 
can_not_logout,Can not logout!,લૉગઆઉટ થઈ શકતા નથી! 
unable_to_open_google_playstore,Unable to open Google Play Store,ગૂગલ પ્લે સ્ટોર ખોલવા માટે અસમર્થ 
update_avaiable,Update available, અપડેટ ઉપલબ્ધ 
add_more_details,Add More Details, વધુ વિગતો ઉમેરો 
show_less,Show less,ઓછું બતાવો 
add_receiver_details,Add Receiver Details,મેળવનારની વિગતો ઉમેરો 
add_sender_details,Add Sender Details,મોકલનારની વિગતો ઉમેરો 
validate_underline,Validate,માન્યતા 
label_rate_enquiry_underlined,Show Rate, દર બતાવો 
remove_underline,Remove, દૂર કરો 
change_underline,Change, બદલો 
msg_warning_payment,Please do not press back button or home button thought the payment for a better payment experience, કૃપા કરીને બેક બટન અથવા હોમ બટન દબાવશો નહીં ચૂકવણીમાં ચૂકવણીના વધુ સારા અનુભવ માટે 
msg_transfer_succesfully,You have successfully transferred old seats to new seats,તમે સફળતાપૂર્વક જૂની સીટને બદલે નવી સીટ ટ્રાન્સફર કરી છે 
msg_confirm_add_expense,Do you want to add expense ?, શું તમે ખર્ચ ઉમેરવા માગો છો? 
msg_tnc_link,You agree to our Terms of Use agreement and Privacy Policy, શું તમે અમારી વપરાશની અને પ્રાયવસી પોલીસીની શરતોની સમજૂતી સાથે સહમત છો 
msg_give_permission_blutooth_connnnect,Please give us bluetooth connect or nearby devices permission!!,કૃપા કરીને અમને બ્લ્યુટૂથ જોડાણ અથવા નજીકના સાધનોની પરવાનગી આપો!! 
msg_give_permission_blutooth_scan,Please give us bluetooth scan permission!!, કૃપા કરીને અમને બ્લયુટૂથ સ્કેન પરવાનગી આપો!!   
msg_per__read_storage,Please give us write storage permission!!, કૃપા કરીને અમને લેખન સંગ્રહ પરવાનગી આપો !! 
msg_per_write_storage,Please give us read storage permission!!,કૃપા કરીને અમને વાંચન સંગ્રહ પરવાનગી આપો !! 
msg_per_camera,Please give us camera permission!!,કૃપા કરીને અમને કેમેરાની પરવાનગી આપો!! 
msg_check_pnp,Please agree to our Terms of Use agreement and Privacy Policy,કૃપા કરીને અમારી વપરાશની સમજૂતી અને પ્રાયવસી પોલીસી માટે અમારી શરતો સાથે સહમત બનો 
msg_monthly_rental,Monthly rental for this app is,એ એપ માટે માસિક ભાડું છે 
msg_kindly_contact_reprensentative,Kindly contact your representative for more information., વધુ માહિતી માટે તમારા પ્રતિનિધિનો સંપર્ક કરો. 
msg_not_access_to_app,Your access to app is not authorised or expired., તમારો એપનો ઉપયોગ અધિકૃત નથી અથવા પૂરો થઈ ગયો છે. 
msg_contact_maventech,Kindly contact the MavenTech Labs accounts team for assistance!, સહાય માટે મેવેન  ટેક લેબ્ઝ ખાતાનો કૃપા કરીને સંપર્ક કરો!
msg_new_update_avaible,New update for the app is available. Update the app to enjoy latest features!,એપ માટે નવો અપડેટ ઉપલબ્ધ છે લેટસ્ટ ફીચરને માણવા માટે એપને અપડેટ કરો!
msg_app_required_gps,App requires GPS to run! Change the location setting to enable GPS, એપને જીપીએસની જરૂર છે ચલાવવા માટે! જીપીએસને સક્ષમ કરવા માટે સ્થળનું સેટીંગ્ઝ બદલો
msg_app_wont_work_without_permission,App won't work without the permission. Grant permission from settings,એપ પરવાનગી વગર કામ કરતું નથી. સેટીંગ્ઝ પાસેથી પરવાનગી મેળવો
msg_mobile_not_verified,Mobile number is not verified!,મોબાઈલ નંબર ચકાસાયેલ નથી! 
msg_qr_less_amount_error,Scanned amount is less than the total fare Scan different QR or change the payment mode to continue the booking !,""" સ્કેન કરેલી રકમ કુલ ભાડા કરતાં ઓછી છે અલગ કયુઆરને સ્કેન કરો અથવા બુકિંગમાં આગળ જવા માટે પેમેન્ટ મોડને બદલો!"" "
msg_fill_info,Fill with customer Mobile number and Email ID(optional) to generate prepaid card against the mobile number.,"ગ્રાહકના મોબાઈલ નંબર અને ઈમેઈલ આઈડી(વૈકલ્પિક) વડે ભરો મોબાઈલ નંબર સમે પ્રિપેઈડ કાર્ડ જનરેટ કરવા માટે!"""
msg_cover_warning_for_other_booking_type,Only Payment Type Paid Is Applicable For This Consignment Type,માત્ર પેમેન્ટ પ્રકાર ચૂકવ્યા જ લાગુ પડે છે આ માલસામાનના પ્રકાર માટે
msg_packet_warning_for_other_booking_type,Payment Type should not be TO-PAY for this consignment type,પેમેન્ટ પ્રકાર એ માલસામાનના પ્રકાર માટે પ્રતિ ચૂકવણી ના હોવો જોઈએ
