Key,English Words,Translation
d0,0,0
d1,1,1
d2,2,2
d3,3,3
d4,4,4
d5,5,5
d6,6,6
d7,7,7
d8,8,8
d9,9,9
d10,10,10
d11,11,11
d12,12,12
label_select_chart1,--Select Chart--,ചാർട്ട് സെലക്റ്റ് ചെയ്യുക
zero_to_20_kmph,0 to 20 KMPH,മണിക്കൂറിൽ 0 മുതൽ 20 കി.മീറ്റർ വരെ
twenty_to_50_kmph,20 to 50 KMPH,മണിക്കൂറിൽ 20 മുതൽ 50 കി.മീറ്റർ വരെ
fifty_to_80_kmph,50 to 80 KMPH,മണിക്കൂറിൽ 50 മുതൽ 80 കി.മീറ്റർ വരെ
eighty_plus_kmph,80+ KMPH,മണിക്കൂറിൽ 80 കി.മീറ്ററിനേക്കാൾ അധികം
actual_weight,Actual Weight,ശരിയായ ഭാരം 
add,Add,ചേർക്കുക
add_lr_manually,Add LR Manually,എൽ ആർ എഴുതിച്ചേർക്കുക
add_manually,Add Manually,എഴുതിച്ചേർക്കുക
additional_charges_qr,Additional charges - QR,കൂടുതലായ ചാർജ്ജുകൾ - ക്യു ആർ
after_booking,After Booking,ബുക്കിംഗിനു ശേഷം
after_departure,After Departure,പുറപ്പെട്ടതിനു ശേഷം
agent_city,Agent City,ഏജൻ്റിൻ്റെ പട്ടണം
agent_net_amount,Agent Net Amount :,ഏജൻ്റിൻ്റെ മൊത്തം തുക:
agent_type,Agent Type,ഏജൻ്റിൻ്റെ തരം
agent_branch,Agent/Branch,ഏജൻ്റ് / ബ്രാഞ്ച്
all_hamali,All Hamali,എല്ലാ ചുമട്ടുകാരും
all_trips,All Trips,എല്ലാ ട്രിപ്പുകളും 
amount_plus_gst,Amount + GST,തുക + ചരക്കുസേവനനികുതി
amount_payable,Amount payable,കൊടുക്കേണ്ട തുക 
label_amount,Amount:,തുക:
apply,Apply,ചേർക്കുക
arrange_transfer,Arrange Transfer,ട്രാൻസ്ഫർ ഏർപ്പാടു ചെയ്യുക
auto_cancel_new,Auto Cancel New,പുതിയത് സ്വമേധയാ റദ്ദാക്കുക
auto_wala,Auto Wala,ഓട്ടോക്കാരൻ 
balance,Balance,മിച്ചം
bank_name,Bank name,ബാങ്കിൻ്റെ പേര്
base_fare,Base Fare,അടിസ്ഥാന കൂലി
base_fare_with_gst,Base fare with GST,ചരക്കുസേവനനികുതി സഹിതമുള്ള അടിസ്ഥാന കൂലി
before_departure,Before Departure,പുറപ്പെടുന്നതിനു മുമ്പ്
bengaluru,Bengaluru,ബംഗളുരു
bill_date,Bill date,ബില്ലിൻ്റെ തീയതി
bill_info,Bill Info,ബില്ലിലെ വിവരങ്ങൾ
block_lr,Block LR,എൽ ആർ ബ്ലോക്ക് ചെയ്യുക
blocking_party,Blocking Party,ബ്ലോക്ക് ചെയ്യുന്ന പാർട്ടി
boarded,Boarded,ബോർഡ് ചെയ്തു 
book,Book,ബുക്ക് ചെയ്യുക
book_again,Book again,വീണ്ടും ബുക്ക് ചെയ്യുക
book_amt,Book Amt,ബുക്ക് ചെയ്ത തുക
booked_by,Booked By,ബുക്ക് ചെയ്ത വ്യക്തി
booking_amount,Booking Amount,ബുക്ക് ചെയ്ത തുക
booking_city,Booking City,ബുക്ക് ചെയ്ത പട്ടണം 
booking_date_wise,Booking Datewise report,ബുക്കിംഗിൻ്റെ തീയതിപ്രകാരമുള്ള റിപ്പോർട്ട്
booking_from_to,Booking From - To,_________മുതൽ ________ വരെയുള്ള ബുക്കിംഗ്
booking_other_charges,Booking Other Charges,ബുക്കിംഗിൻ്റെ മറ്റു ചാർജ്ജുകൾ
booking_transfer,Booking Transfer,ബുക്കിംഗ് ട്രാൻസ്ഫർ
booking_type,Booking Type,ബുക്കിംഗിൻ്റെ തരം 
booking_remark,Booking Remark,ബുക്കിംഗിനെക്കുറിച്ചുള്ള കുറിപ്പ്
label_both,Both,രണ്ടും
branch_agent_booking_report,Branch /Agent Booking Report,ബ്രാഞ്ചിൻ്റെ/ഏജൻ്റിൻ്റെ ബുക്കിംഗ് റിപ്പോർട്ട്
tv_brach_phone,Branch phone,ബ്രാഞ്ചിൻ്റെ ഫോൺ
branch_recharge,Branch Recharge,ബ്രാഞ്ച് റീചാർജ്ജ്
branch_recharge_is_not_allowed,Branch recharge is not allowed,ബ്രാഞ്ച് റീചാർജ്ജ് അനുവദനീയമല്ല
branch_stock,Branch Stock,ബ്രാഞ്ചിലെ സ്റ്റോക്ക്
dispatch_report_type_7,Branch Summary,ബ്രാഞ്ചിൻ്റെ സംക്ഷേപം
branch_transfer,Branch Transfer,ബ്രാഞ്ച് ട്രാൻസ്ഫർ
branch_transfer_receive,Branch Transfer Receive,ബ്രാഞ്ച് ട്രാൻസ്ഫർ കൈപ്പറ്റുക
branch_transfer_received,Branch Transfer Received,ബ്രാഞ്ച് ട്രാൻസ്ഫർ കൈപ്പറ്റി
label_branch_name,Branch:,ബ്രാഞ്ച്:
broker,Broker,ബ്രോക്കർ
bus_advance,Bus Advance,ബസ്സിൻ്റെ അഡ്വാൻസ്
bus_no,Bus No,ബസ്സിൻ്റെ നമ്പർ
bus_qrs,Bus QRs,ബസ്സിൻ്റെ ക്യു ആറുകൾ
tracking,Bus Tracking,ബസ്സിൻ്റെ ട്രാക്കിംഗ്
bus_transactions,Bus transaction,ബസ്സിൻ്റെ ഇടപാടുകൾ
by_branch,By branch,ബ്രാഞ്ചിൽ നിന്ന്
camera,Camera,ക്യാമറ
cancel_chart,Cancel chart,ചാർട്ട് റദ്ദാക്കുക 
toolbar_dispatched,Cancel Dispatch,അയക്കുന്നത് റദ്ദാക്കുക
cancel_transfer,Cancel Transfer,ട്രാൻസ്ഫർ റദ്ദാക്കുക
label_cancel_by_branch,CAND Branch,ബ്രാഞ്ച് റദ്ദാക്കുക
label_cancel_date,CAND Date,തീയതി റദ്ദാക്കുക
label_cancel_by_user,CAND User,ഉപയോക്താവിനെ റദ്ദു ചെയ്യുക
ezetap_payment,Card payment,കാർഡ് പേമെൻ്റ്
toolbar_rate_inquiry,Cargo | Rate\ETA Inquiry,ചരക്ക് | നിരക്ക് \ ഇടിഎ എൻക്വയറി
cartage,Cartage,വണ്ടിക്കൂലി
cash_amount,Cash Amount,റൊക്കം തുക
cash_transactions_and_no_concession,Cash Transactions and No Concession,"റൊക്കം പണമിടപാട്, ആനുകൂല്യം ഇല്ല"
cash,Cash,റൊക്കം പണം 
cb_cash_amount,CB Cash amount,സിബി റൊക്കം തുക
cb_non_cash_amount,CB Non Cash amount,സിബി റൊക്കം പണമല്ലാത്ത തുക
cc_earned,CC Earned,സിസി സമ്പാദ്യം 
challan_no,Challan No,ചലാൻ നമ്പർ
challan_wise,Challan wise,ചലാൻ പ്രകാരം 
chart_arrangement_transfer,Chart / Arrangement transfer,ചാർട്ട് / അറേഞ്ച്മെൻ്റ് ട്രാൻസ്ഫർ
chart_date_wise_report,Chart Date Wise Report,ചാർട്ടിലെ തീീതി പ്രകാരമുള്ള റിപ്പോർട്ട്
toolbar_chart_details,Chart Details,ചാർട്ടിലെ വിശദവിവരങ്ങൾ
toolbar_chart_transfer,Chart Transfer,ചാർട്ട് ട്രാൻസ്ഫർ
check_pos_card_and_upi_qr_transaction_details,Check POS Card & UPI QR Transaction Details,"പി ഒ എസ്, കാർഡ്, യു പി ഐ ക്യു ആർ എന്നീ ഇടപാടുകളുടെ വിശദവിവരങ്ങൾ പരിശോധിക്കുക"
mode_type,Cheque / Draft / Card #,ചെക്ക് /  ഡ്രാഫ്ട് / കാർഡ് എന്നിവയുടെ നമ്പർ
choose_date,Choose a payment date!,പണടവിൻ്റെ ഒരു തീയതി തിരഞ്ഞെടുക്കുക
close,Close,ക്ലോസ് ചെയ്യുക
close_all,Close All,എല്ലാം ക്ലോസ് ചെയ്യുക 
cm,cm,സെൻ്റിമീറ്റർ
close_sender_details,Close Sender Details,അയക്കുന്ന വ്യക്തിയുടെ വിശദവിവരങ്ങൾ ക്ലോസ് ചെയ്യുക
comm,Comm,പൊതുവായത്
common_lr,Common LR,സാധാരണ എൽ ആർ
company,Company,കമ്പനി
company_branch_user_qr,"Company, Branch, User QR","കമ്പനി ബ്രാഞ്ച്, ഉപയോക്താവിൻ്റെ ക്യു ആർ"
label_company_name,Company Name,കമ്പനിയുടെ പേര്
compliance,compliance,അനുവർത്തനം
conc_rate,Concession rate,ആനുകൂല്യത്തിൻ്റെ നിരക്ക്
conc_amt,Conc Amt,ആനൂകൂല്യത്തുക
conc_pass_no,Conc Pass No.,ആനുകൂല്യത്തിൻ്റെ പാസ്സ് നമ്പർ
label_confirm_sms,Confirm SMS,എസ് എം എസ് സ്ഥിരീകരിക്കുക
connect_at_least_4_dots,Connect at least 4 dots,കുറഞ്ഞത് 4 പുള്ളികളെങ്കിലും ബന്ധിപ്പിക്കുക
label_consignee,Consignee,ചരക്ക് ഏറ്റുവാങ്ങുന്ന ആൾ
Consignment,Consignment,ചരക്ക്
consignment_declaration,Consignment Declaration,ചരക്കിനെക്കുറിച്ചുള്ള അറിയിപ്പ്
consignment_refund,Consignment Refund,ചരക്ക് തിരികെ കൊടുക്കൽ 
consignment_type,Consignment Type,ചരക്കിൻ്റെ തരം
label_consignor,Consignor,ചരക്ക് അയക്കുന്ന ആൾ
contact_no,Contact No,ബന്ധപ്പെടുവാനുള്ള നമ്പർ
continue_scan,Continue Scan,സ്കാൻ തുടരുക
copy_fare,Copy fare,കൂലി കോപ്പി ചെയ്യുക
coupon_code,Coupon code,കൂപ്പൺ കോഡ്
coupon_discount,Coupon Discount,കൂപ്പണിലെ ആനുകൂല്യം
label_credit_limit,Credit Limit :,വായ്പയുടെ പരിധി:
crossing,Crossing,ക്രോസിംഗ്
crossing_cartage,Crossing Cartage,വണ്ടിക്കൂലി മറി കടക്കുന്നത് 
crossing_remarks,Crossing Remarks,ക്രോസിംഗ് പ്രസ്താവനകൾ
label_crossings,Crossings,ക്രോസിംഗുകൾ
current_branch,Current Branch,ഇപ്പോഴത്തെ ബ്രാഞ്ച്
current_city,Current City,ഇപ്പോഴത്തെ പട്ടണം
customer_mobile_number,Customer Mobile Number,കസ്റ്റമറുടെ മൊബൈൽ നമ്പർ
customer_name,Customer name,കസ്റ്റമറുടെ പേര്
date,Date,തീയതി
datetime,Date Time,"തീയതിയും, സമയവും"
label_dddv,DDDV,ഡി ഡി ഡി വി 
label_dddv_amount,DDDV Amount,ഡി ഡി ഡി വിയുടെ തുക
label_dddv_dispatch,DDDV Dispatch,ഡി ഡി ഡി വി അയക്കുന്നത്
label_dddv_freight,DDDV Freight,ഡി ഡി ഡി വി ചരക്കുകൂലി
label_dddv_gst_other,DDDV GST + Other,ഡി ഡി ഡി വി ചരക്കുസേവനനികുതി + മറ്റുള്ളവ
label_ddv_count1,DDDV LR Count,ഡി ഡി ഡി വി എൽ ആർ സംഖ്യ 
label_dddv_receive,DDDV Receive,ഡി ഡി ഡി വി കൈപ്പറ്റുന്നത്
label_ddv_count,DDDV Units,ഡി ഡി ഡി വി യൂനിറ്റുകൾ
label_ddv_ftl,DDDV/FTL,ഡി ഡി ഡി വി / എഫ് ടി എൽ
declared_value,Declared Value,പ്രഖ്യാപിതമൂല്യം
delayed_by,Delayed By,വൈകുന്നത്
deletee,Delete,നീക്കം ചെയ്യുക
delivery_date,Delivery date,കൊടുക്കേണ്ട തീയതി
delivery_discount,Delivery Discount,കൊടുക്കുമ്പോഴുള്ള കിഴിവ്
delivery_gst,Delivery GST,കൊടുക്കുമ്പോഴുള്ള ചരക്കുസേവനനികുതി
delivery_hamali_and_extra_hamali,Delivery Hamali and Extra Hamali,"കൊടുക്കുവാനുള്ള ചുമട്ടുകാരനും, അധികം വേണ്ട ചുമട്ടുകാരനും"
delivery_hamali_charges,Delivery Hamali Charges,കൊടുക്കുമ്പോഴുള്ള ചുമട്ടുകൂലി\
delivery_other_charges,Delivery Other Charges,കൊടുക്കുമ്പോഴുള്ള മറ്റു ചാർജ്ജുകൾ
delivery_time,Delivery Time,കൊടുക്കേണ്ട സമയം
delivery_transfer,Delivery Transfer,ഡെലിവറി ട്രാൻസ്ഫർ 
demurrage,Demurrage,ഏറ്റെടുക്കാൻ വൈകുന്നതിനുള്ള നഷ്ടപരിഹാരം 
desc,Desc,ലക്ഷ്യസ്ഥാനം
label_dest_branch,Dest Branch,എത്തേണ്ട ബ്രാഞ്ച്
label_dest_city,Dest City,എത്തേണ്ട പട്ടണം
label_detail,Detail,വിശദാംശം 
receive_report_type_1,Detailed,വിശദമായ
toolbar_detailed_receive_report,Detailed - Receive Report,വിശദമായ - കൈപ്പറ്റിയ റിപ്പോർട്ട്
dispatch_report_type_4,Detailed Summary,വിശദമായ സംഗ്രഹം
device_id,Device Id,ഉപകരണത്തിൻ്റെ ഐഡി
disable_old_devices,Disable Old Devices,പഴയ ഉപകരണങ്ങൾ പ്രവർത്തനരഹിതമാക്കുക
discount_coupon,Discount Coupon,ഡിസ്കൗണ്ട് കൂപ്പൺ
label_dis_from_branch,Disp From Branch,ബ്രാഞ്ചിൽ നിന്ന് അയച്ചു
label_dis_from_city,Disp From City,പട്ടണത്തിൽ നിന്ന് അയച്ചു
dispatch_date_time,Dispacth date time,"അയച്ച തീയതിയും, സമയവും"
label_dispatch_by,Dispatch By,അയച്ച ആൾ
label_dispatch_by_city,Dispatch By City,അയച്ച പട്ടണം
msg_cancel_dispatch_faild,Dispatch Cancelled Fail,അയക്കുന്നത് റദ്ദാക്കിയത് നിഷ്ഫലമായി
msg_cancel_dispatch_success,Dispatch Cancelled Successfully,അയക്കുന്നത്  റദ്ദാക്കിയത് സഫലമായി
label_dispatch_date_range,Dispatch Date Range,അയക്കാനുള്ള തീയതിയുടെ പരിധി
dispatch_date_,Dispatch Date:,അയച്ച തീയതി:
dispatch_from,Dispatch From,അയച്ച സ്ഥലം
label_dispatch_from_branch,Dispatch From Branch,അയച്ച ബ്രാഞ്ച്
dispatch_memo_no,Dispatch memo no,അയച്ചതിൻ്റെ കുറിപ്പിൻ്റെ നമ്പർ
dispatch_more,Dispatch More,കൂടുതൽ അയക്കുക
dispatch_new,Dispatch New,പുതിയത് അയക്കുക
dispatch_no,Dispatch No,അയച്ചതിൻ്റെ നമ്പർ
dispatch_report,Dispatch Report,അയച്ചതിൻ്റെ റിപ്പോർട്ട് 
dispatched_by_branch,Dispatched By Branch,അയച്ച ബ്രാഞ്ച്
dispatched_to,Dispatched To,എവിടേക്ക് അയച്ചു
dispatched_from_city,Dispatched from City,അയച്ച പട്ടണം 
dispatched_successfully,Dispatched Successfully,വിജയകരമായി അയച്ചു
label_dispatch_to_branch,Dispatched To Branch,ഏത് ബ്രാഞ്ചിലേക്ക് അയച്ചു
label_dispatch_to_city,Dispatched To City,ഏത് പട്ടണത്തിലേക്ക് അയച്ചു
download,Download,ഡൗൺലോഡ് ചെയ്യുക
dropoff2,Dropoff :,ഡ്രോപ് ഓഫ്:
dropoff_details,Dropoff Details,ഡ്രോപ് ഓഫിൻ്റെ വിശദവിവരങ്ങൾ
msg_drop_off_loading,Dropoff is loading,ഡ്രോപ് ഓഫ് ലോഡ് ചെയ്തുകൊണ്ടിരിക്കുകയാണ്
dropoff_location,Dropoff Location,ഡ്രോപ് ഓഫിൻ്റെ സ്ഥാനം
edit,Edit,തിരുത്തുക
label_edit_dispatch,Edit Dispatch,അയക്കുന്നത് തിരുത്തുക 
email_id,Email ID,ഇമെയിൽ ഐഡി
enable_printing,Enable Printing,പ്രിൻ്റിംഗ് പ്രവർത്തനസജ്ജമാക്കുക
end_price,End price,അന്തിമമായ വില
enter_booking_id,Enter Booking Id,ബുക്കിംഗ് ഐഡി ചേർക്കുക
label_correct_eway_bill,Enter Correct Eway Bill,ശരിയായ ഇ വേ ബിൽ ചേർക്കുക
enter_coupon_code,Enter Coupon Code,കൂപ്പൺ കോഡ് ചേർക്കുക
otp,Enter OTP,ഒടിപി ചേർക്കുക
enter_passenger_details_to_send_link,Enter passenger details to send link,ലിങ്ക് അയക്കുന്നതിന് യാത്രക്കാരൻ്റെ വിശദാംശങ്ങൾ ചേർക്കുക
enter_passenger_mobile_no,Enter passenger mobile no,യാത്രക്കാരൻ്റെ മൊബൈൽ നമ്പർ ചേർക്കുക
enter_sender_id_number,Enter Sender ID Number,അയക്കുന്ന വ്യക്തിയുടെ ഐഡി നമ്പർ ചേർക്കുക
enter_transaction_code,Enter transaction code,ഇടപാടിൻ്റെ കോഡ് ചേർക്കുക 
enter_vehicle_no,Enter Vehicle No.,വാഹനനമ്പർ ചേർക്കുക
error_non_reporting_seat,Error while non-reporting seats!,റിപ്പോർട്ട് ചെയ്യാത്ത സീറ്റുകളിൽ പിഴവ്!
error_storing_in_cache,Error while storing into cache!,കാഷേയിൽ സ്റ്റോർ ചെയ്യുമ്പോൾ പിഴവ്!
label_eta_days,ETA (Days),എത്തിച്ചേരുമെന്ന് പ്രതീക്ഷിക്കുന്ന സമയം (ദിവസങ്ങൾ)
ewb_status,EWB Status,ഇ ഡബ്ല്യു ബിയുടെ അവസ്ഥ
express_checkout,Express Checkout,വേഗത്തിലുള്ള ചെക്ക് ഔട്ട്
extra_hamali_charges,Extra Hamali Charges,കൂലിക്കാരുടെ അധികം ചാർജ്ജുകൾ
fare_copy,Fare Copy,യാത്രക്കൂലിയുടെ കോപ്പി
fare_in_rupees,Fare in rs,യാത്രക്കൂലി രൂപ
fare_refund,Fare Refund,യാത്രക്കൂലി തിരികെ കൊടുക്കൽ
female,Female,സ്ത്രീ
fetch_pending_transactions,Fetch Pending Transactions,തീർപ്പാക്കാത്ത ഇടപാടുകൾ എടുക്കുക
filter,Filter,ഫിൽട്ടർ 
foc,FOC,എഫ് ഒ സി
label_foc_self_amount,FOC + Self Amount,എഫ് ഒ സി + സെൽഫ് അമൗണ്ട്  
label_foc_self_freight,FOC + Self Freight,എഫ് ഒ സി + സെൽഫ് ഫ്രെയ് റ്റ്
label_foc_self_gst_other,FOC + Self GST+ Other,എഫ് ഒ സി + സെൽഫ് ജി എസ് ടി +മറ്റുള്ളവ
label_foc_self_lr_count1,FOC + Self LR Count,എഫ് ഒ സി + സെൽഫ് എൽ ആർ കൗണ്ട്
label_foc_self_lr_count,FOC + Self Units,എഫ് ഒ സി + സെൽഫ് യൂനിറ്റ് സ്
for_approval,FOC approval authority,എഫ് ഒ സി അംഗീകരിക്കുന്ന അധികാരി
for_security,For security,സെക്യൂരിറ്റിക്കു വേണ്ടി
for_security_confirm_pattern,"For security, Confirm Pattern",സെക്യൂരിറ്റിക്കു വേണ്ടി പാറ്റേൺ ഉറപ്പിക്കുക
four,Four,നാല്
label_amount_tooltext,Freight + Hamali + Cartage,ചരക്കുകൂലി + ചുമട്ടുകൂലി + വണ്ടിക്കൂലി
from_branch,From branch,ബ്രാഞ്ചിൽ നിന്ന്
from_gallery,From Gallery,ഗ്യാലറിയിൽ നിന്ന്
label_from_lr_booking_date,From LR Booking Date,എൽ ആർ ബുക്ക് ചെയ്ത തീയതി മുതൽ
from_stage,From Stage,സ്റ്റേജ് മുതൽ
label_ftl,FTL,എഫ് ടി എൽ 
generated_on,Generated on,ഉണ്ടാക്കിയ തീയതി
generate_qr_for_scanning,Generate QR for scanning,സ്കാനിംഗിനു വേണ്ടി ക്യു ആർ ഉണ്ടാക്കുക
generated_date_and_time,Generated Date and Time,"ഉണ്ടാക്കിയ തീയതിയും, സമയവും"
label_report_generation_time,Generation Time:,ഉണ്ടാക്കിയ സമയം:
get_orders,Get Orders,ഓർഡറുകൾ എടുക്കുക
get_qr_to_scan,Get QR to scan,സ്കാൻ ചെയ്യാൻ വേണ്ടി ക്യു ആർ എടുക്കുക
label_go,GO,ഗോ
go_to_seatchart,go to seat chart,സീറ്റ് ചാർട്ടിലേക്ക് പോവുക
godown,Godown,ഗോഡൗൺ
loading_godown_city_list,Godown City List is loading!,ഗോഡൗൺ സിറ്റി ലിസ്റ്റ് ലോഡ് ചെയ്തു കൊണ്ടിരിക്കുകയാണ്!
group_boarding_report,Group Boarding Report,ഗ്രൂപ്പ് ബോർഡിംഗ് റിപ്പോർട്ട്
gst_on_cc_plus,GST on CC (+) :,സിസി(+)യുടെ മേലുള്ള ചരക്കുസേവനനികുതി:
gstn_paid_by_transporter,(GSTN paid by Transporter),(ജി എസ് ടി എൻ ട്രാൻസ്പോർട്ടർ അടച്ചു)
gstn,GSTN,ജി എസ് ടി എൻ 
hamali_and_operator_hamali,Hamali and Operator Hamali,"ചുമട്ടുകാരനും, ജോലി ചെയ്യുന്ന ചുമട്ടുകാരനും "
label_hide_qr,Hide QR,ക്യു ആർ രഹസ്യമായി വെക്കുക
hired_vehicle,Hired vehicle,വാടകക്കെടുത്ത വാഹനം
hold_release,Hold release,വിട്ടുകൊടുക്കുന്നത് നിർത്തി വെക്കുക
hrs,Hrs,മണിക്കൂറുകൾ
i_was_there,I was there,ഞാൻ അവിടെ ഉണ്ടായിരുന്നു
in_bus_bookings,In Bus Bookings,ബസ് ബുക്കിംഗുകളിൽ
inch,inch,ഇഞ്ച്
label_correct_information,Is the information correct?,ഈ വിവരം ശരിയാണോ?
isd_code,ISD,ഐ എസ് ഡി
issuer,Issuer,ഇഷ്യൂ ചെയ്ത വ്യക്തി
item_name,Item Name,വസ്തുവിൻ്റെ പേര്
item_type_,Item type,വസ്തുവിൻ്റെ തരം
jour_dt,Jour. Dt,യാത്ര ചെയ്യുന്ന ജില്ല
tv_landmark,Landmark,അടയാളം 
legal_compliance,Legal Compliance,നിയമാനുസൃതമായ അനുവർത്തിത്വം
less,Less,കുറവ്
lit,LIT,എൽ ഐ ടി
loading_data,Loading Data...,ഡാറ്റ ലോഡ് ചെയ്തു കൊണ്ടിരിക്കുന്നു…
label_location_not_provided,Location is not provided,ലൊക്കേഷൻ തന്നിട്ടില്ല
tv_location_name,Location name,ലൊക്കേഷൻ്റെ പേര്
tv_location_time,Location time,ലൊക്കേഷനിലെ സമയം
location_sync_is_in_progress,Location sync is in progress...,ലൊക്കേഷനുമായി യോജിപ്പിക്കുന്നത് പുരോഗമിച്ചു കൊണ്ടിരിക്കുകയാണ്....
label_lr_count,LR Count/Unit,എൽ ആർ കൗണ്ട് / യൂനിറ്റ് 
label_lr_details,LR Details,എൽ ആറിൻ്റെ വിശദവിവരങ്ങൾ
lr_number,LR Number,എൽ ആർ നമ്പർ
lr_report,LR Report,എൽ ആർ റിപ്പോർട്ട്
lrs,LRs,എൽ ആറുകൾ
luggage_short_received_successfully,Luggage Short Received Successfully!,ലഗേജ് ഷോർട്ട് വിജയകരമായി കൈപ്പറ്റി!
male,Male,പുരുഷൻ
manage_devices,Manage Devices,ഉപകരണങ്ങൾ കൈകാര്യം ചെയ്യുക
travels_name,Mantis travels,മാൻ്റിസ് ട്രാവൽസ്
manuel_lr_no,Manual LR No,മാന്വൽ എൽ ആർ നമ്പർ
method_of_packing,Method Of Packing,പാക്കിംഗിൻ്റെ രീതി
cover_freight_restrictions,Minimum freight should be 40,ചരക്കിൻ്റെ ഏറ്റവും കുറഞ്ഞ ഭാരം 40 ആയിരിക്കണം 
packet_freight_restrictions,Minimum freight should be 90,ചരക്കിൻ്റെ ഏറ്റവും കുറഞ്ഞ ഭാരം 90 ആയിരിക്കണം
mins,Mins,മിനിട്ടുകൾ
mm,mm,മില്ലിമീറ്റർ
mobile_number,Mobile number,മൊബൈൽ നമ്പർ
mod_charges_plus,Mod. charges (+) :,മോഡ് ചാർജ്ജുകൾ (+):
month,Month,മാസം 
monthly,Monthly,മാസം തോറും
more,More,കൂടുതൽ
label_more,more,കൂടുതൽ 
net_fare,Net fare,മൊത്തം യാത്രാക്കൂലി
net_fare_with_gst,Net fare with GST,ചരക്കുസേവനനികുതിയടക്കമുള്ള മൊത്തം യാത്രാക്കൂലി
netrate,Netrate,മൊത്തം നിരക്ക്
net_total,Net Total,ആകെ മൊത്തം 
neww,New,പുതിയത്
new_bus_type,New Bus Type,പുതിയ ബസ്സിൻ്റെ തരം
label_new_Seat_chart,new Chart,പുതിയ ചാർട്ട്
label_new_drop_off,New Dropoff,പുതിയ ഡ്രോപ് ഓഫ്
label_new_pick_up,New Pickup,പുതിയ പിക്കപ്പ്
label_new_seat,New Seats,പുതിയ സീറ്റുകൾ
next_trips,Next Trips,പുതിയ ട്രിപ്പുകൾ
no_data_found,No Data Found,ഒരു ഡാറ്റയും കാണാനില്ല
no_godown_branch_found,No Godown Branch Found,ഗോഡൗണിൻ്റെ ഒരു ബ്രാഞ്ചും കാണാനില്ല 
no_godown_cities,No Godown Cities Found,ഗോഡൗണുള്ള ഒരു പട്ടണവും കാണാനില്ല
dispatch_report_type_8,No Vehicle Group,ഒരു വെഹിക്കിൾ ഗ്രൂപ്പുമില്ല
non_cash_amount,Non Cash amount,റൊക്കം പണമല്ലാതെയുള്ള തുക
non_report_seat,Non Report Seat,നോൺ റിപ്പോർട്ട് സീറ്റ്
label_nop_units,NOP/Units,എൻ ഒ പി / യൂനിറ്റുകൾ
not_available,Not Available,ലഭ്യമല്ല
number_given,Number given,നൽകിയിരിക്കുന്ന നമ്പർ 
label_offline,Offline,ഓഫ് ലൈൻ
offline_bkg_cash_amnt,Offline Bkg Cash Amt,ഓഫ് ലൈൻ ബുക്കിംഗിൻ്റെ റൊക്കം തുക
offline_bkg_non_cash_amnt,Offline Bkg Non Cash Amt,ഓഫ് ലൈൻ ബുക്കിംഗിൻ്റെ റൊക്കമല്ലാത്ത തുക
label_old_Seat_chart,Old Chart,പഴയ ചാർട്ട്
label_old_drop_off,Old Dropoff,പഴയ ഡ്രോപ് ഓഫ്
label_old_pick_up,Old Pickup,പഴയ പിക്കപ്പ്
label_old_seat,Old Seats,പഴയ സീറ്റുകൾ
onaccount,OnAccount,ഓൺ അക്കൗണ്ട്
label_on_account_amount,OnAccount Amount,ഓൺ അക്കൗണ്ട് തുക
label_on_account_amt,OnAccount Amt,ഓൺ അക്കൗണ്ട് തുക
label_on_account_freight,OnAccount Freight,ഓൺ അക്കൗണ്ട് ചരക്കുകൂലി
label_on_account_gst_other,OnAccount GST + Other,ഓൺ അക്കൗണ്ട് ചരക്കുസേവനനികുതി  + മറ്റുള്ളവ
label_on_account_lr_count1,OnAccount LR Count,ഓൺ അക്കൗണ്ട് എൽ ആർ കൗണ്ട്
label_on_account_lr_count,OnAccount Units,ഓൺ അക്കൗണ്ട് യൂനിറ്റുകൾ
label_online,Online,ഓൺലൈൻ
op_name,Opearor name,ഓപ്പറേറ്ററുടെ പേര്
open_report,Open Report,ഓപ്പൺ റിപ്പോർട്ട്
open_ticket,Open Ticket,ഓപ്പൺ ടിക്കറ്റ്
operator_hamali,Operator Hamali,ജോലിയെടുക്കുന്ന ചുമട്ടുകാരൻ 
or,Or,അല്ലെങ്കിൽ
order_id,Order ID,ഓർഡർ ഐഡി
order_list,Order list,ഓർഡർ ലിസ്റ്റ്
other_charges,Other Charges,മറ്റു ചാർജ്ജുകൾ
other_expenses,Other expenses,മറ്റു ചിലവുകൾ
other_qrs,Other QRs,മറ്റ് ക്യു ആറുകൾ
other_transactions,Other transactions,മറ്റ് ഇടപാടുകൾ
otp_sent_to_your_mobile_number,OTP sent to you mobile number,ഒടിപി നിങ്ങളുടെ മൊബൈൽ നമ്പറിലേക്ക് അയച്ചിരിക്കുന്നു
label_paid_amount,Paid Amount,അടച്ച തുക
label_paid_freight,Paid Freight,അടച്ച ചരക്കുകൂലി
label_paid_gst_other,Paid GST + Other,അടച്ച ചരക്കുകൂലി + മറ്റുള്ളവ 
label_paid_lr_count1,Paid LR Count,അടച്ച എൽ ആർ കൗണ്ട്
label_paid_lr_count,Paid Units,അടച്ച യൂനിറ്റുകൾ
party_address,Party Address,കക്ഷിയുടെ അഡ്രസ്സ്
party_bill_date,Party Bill Date,കക്ഷിയുടെ ബില്ലിൻ്റെ തീയതി
party_bill_value,Party Bill Value,കക്ഷിയുടെ ബില്ലിൻ്റെ മൂല്യം
party_credit_limit,Party creditLimit,കക്ഷിയുടെ വായ്പാപരിധി
party_details,Party Details,കക്ഷിയുടെ വിശദവിവരങ്ങൾ
party_email_id,Party Email ID,കക്ഷിയുടെ ഇമെയിൽ ഐഡി
party_gstn,Party GSTN,കക്ഷിയുടെ ജി എസ് ടി എൻ
hint_party_id,Party ID,കക്ഷിയുടെ ഐഡി
party_mobile,Party Mobile No,കക്ഷിയുടെ മൊബൈൽ നമ്പർ
party_name,Party Name,കക്ഷിയുടെ പേര്
party_number,Party Number,കക്ഷിയുടെ നമ്പർ
party_pin_code,Party Pincode,കക്ഷിയുടെ പിൻകോഡ്
amntin_rs,Pass penalty,പാസ് പെനാൽറ്റി
passenger_number,Passenger Number,യാത്രക്കാരൻ്റെ നമ്പർ
passenger_report,Passenger Report,യാത്രക്കാരൻ്റെ റിപ്പോർട്ട്
path_route,Path route,വഴി
pay,Pay,ശമ്പളം
payment_info,Payment info,ശമ്പളത്തെക്കുറിച്ചുള്ള വിവരങ്ങൾ
label_payment_summary,Payment Summary -,ശമ്പളത്തിൻ്റെ സംഗ്രഹം
payout_type,Payout Type,ചെലവിൻ്റെ തരം
pdbf_voucher,PBDF Voucher,പി ബി ഡി എഫ് വൗച്ചർ
pd_refund,PD Charges Refund,പി ഡി ചാർജ്ജുകളുടെ റീഫണ്ട്
phone,Phone,ഫോൺ
pd_charge,Pickup dropoff charge,"പിക്ക് അപ്പിൻ്റേയും, ഡ്രോപ് ഓഫിൻ്റേയും ചാർജ്ജ്"
pickup_group,Pickup Group,പിക്ക് അപ് ഗ്രൂപ്പ്
msg_pickup_loading,Pickup is loading,പിക്ക് അപ്പ് ലോഡ് ചെയ്തു കൊണ്ടിരിക്കുകയാണ്. 
pickup_location,Pickup Location,പിക്ക് അപ്പിൻ്റെ സ്ഥലം
pickup_point,Pickup Point,പിക്ക് അപ്പ് പോയൻ്റ്
pickup_man_mob_no,Pickupman mobile number,പിക്ക് അപ്പ് ചെയ്യുന്ന ആളിൻ്റെ മൊബൈൽ നമ്പർ
pin,Pin,പിൻ 
pinCode,Pincode,പിൻ കോഡ്
please,Please,പ്ലീസ്
please_enter_collection_cartage,Please enter Collection cartage,ദയവായി കലക്ഷൻ്റെ വണ്ടിക്കൂലി ചേർക്കുക
please_enter_crossing_remarks,Please enter Crossing Remarks,ദയവായി ക്രോസിംഗ് റിമാർക്കുകൾ ചേർക്കുക
please_enter_goods_value,Please enter goods value,ദയവായി സാമഗ്രികളുടെ മൂല്യം ചേർക്കുക
message_type_2,Please select booked seats,ദയവായി ബുക്ക് ചെയ്ത സീറ്റുകൾ തിരഞ്ഞെടുക്കുക
label_select_different_seat,Please select different seat,ദയവായി വേറെ സീറ്റ് തിരഞ്ഞെടുക്കുക
message_type_1,Please select empty seats,ദയവായി ഒഴിഞ്ഞ സീറ്റ് തിരഞ്ഞെടുക്കുക
select_godown_city_first,Please select Godown City first,ദയവായി ആദ്യം ഗോഡൗണിൻ്റെ പട്ടണം തിറ്റഞ്ഞെടുക്കുക
self_booking_pnr,PNR Number,പി എൻ ആർ നമ്പർ
pnr_number,PNR number,പി എൻ ആർ നമ്പർ 
pos,POS,പി ഒ എസ്
pre_bus_type,Pre Bus Type,പ്രീ ബസ് ടൈപ്പ്
prepaid_card,Prepaid Card,പ്രീ പെയ് ഡ് കാർഡ്
primary_mobile_number,Primary mobile number,പ്രൈമറി മൊബൈൽ നമ്പർ
print,Print,പ്രിൻ്റ് 
print_cust_copy,Print customer copy,കസ്റ്റമറുടെ കോപ്പി പ്രിൻ്റ് ചെയ്യുക
print_compact_receipt,Print Compact Receipt,ചുരുക്ക രസീത് പ്രിൻ്റ് ചെയ്യുക
print_detailed_receipt,Print Detailed Receipt,വിശദമായ രസീത് പ്രിൻ്റ് ചെയ്യുക
print_office_copy,Print office copy,ഓഫീസ് കോപ്പി പ്രിൻ്റ് ചെയ്യുക
print_remarks,Print Remarks,റിമാർക് സ് പ്രിൻ്റ് ചെയ്യുക
print_report,Print Report,റിപ്പോർട്ട് പ്രിൻ്റ് ചെയ്യുക
provide_contact_details_to_send_express_checkout,Provide contact details to send Express Checkout,എക്സ്പ്രസ്സ് ചെക്ക് ഔട്ട് അയക്കുവാൻ ബന്ധപ്പെടുവാനുള്ള വിശദവിവരങ്ങൾ നൽകുക
qr,QR,ക്യു ആർ
qr_selection_type,QR Selection Type,ക്യു ആർ സെലക്ഷൻ ടൈപ്പ്
label_qr_pending_payment,QR Pending Payments,ബാക്കിയുള്ള പേമെൻ്റുകൾ
quick_view_detail,Quick View Detail,ക്വിക്ക് വ്യൂ ഡീട്ടെയിൽ
quota_of,Quota of,യുടെ ക്വോട്ട 
label_rate_per_kg,Rate (Rs/KG),നിരക്ക് (രൂ കിലോഗ്രാം)
transfer_reason,Reason,കാരണം
reason_for_refund,Reason for refund,പണം തിരികെ കൊടുക്കാനുള്ള കാരണം 
receipt,Receipt,രസീത്
receipt_type,Receipt Type,രസീതിൻ്റെ തരം
label_receive_branch,Receive Branch,കൈപ്പറ്റുന്ന ബ്രാഞ്ച്
receive_city,Receive City,കൈപ്പറ്റുന്ന പട്ടണം 
received_by,Received By,കൈപ്പറ്റുന്ന വ്യക്തി
received_by_branch,Received By Branch,എന്ന ബ്രാഞ്ച് കൈപ്പറ്റി
receiver_id_proof,Receiver Id Proof,കൈപ്പറ്റുന്ന വ്യക്തിയുടെ ഐഡി പ്രൂഫ് 
receiver_id_proof_no,Receiver Id Proof No,കൈപ്പറ്റുന്ന ആളിൻ്റെ ഐഡി പ്രൂഫ് നമ്പർ
receiver_image_id,Receiver Image Id,കൈപ്പറ്റുന്ന ആളിൻ്റെ ഐഡിയുടെ ഫോട്ടോ
receiver_mobile_no_,Receiver mobile No,കൈപ്പറ്റുന്ന ആളിൻ്റെ മൊബൈൽ നമ്പർ
label_receiver_name,Receiver Name,കൈപ്പറ്റുന്ന ആളിൻ്റെ പേര്
receiver_city_and_state,Receiver City & State,"കൈപ്പറ്റുന്ന ആളിൻ്റെ പട്ടണവും, സംസ്ഥാനവും"
receiver_pin_code,Receiver Pincode,കൈപ്പറ്റുന്ന ആളിൻ്റെ പിൻ കോഡ്
label_receiving_branch,Receiving Branch,കൈപ്പറ്റുന്ന ബ്രാഞ്ച്
lebel_receiving_city,Receiving City,കൈപ്പറ്റുന്ന പട്ടണം
recharge_amount,Recharge amount,റീചാർജ്ജ് തുക
label_recharge_date,RechargeDate:,റീചാർജ്ജിൻ്റെ തീയതി:
receiver_name_,Reciever Name,കൈപ്പറ്റുന്ന ആളിൻ്റെ പേര്
refresh,Refresh,റിഫ്രഷ് ചെയ്യുക
refund_amount,Refund amount,തിരിച്ചു ലഭിക്കുന്ന തുക 
refund_success,Refund is successful,റീഫണ്ട് സഫലമായി 
remote_pos,Remote POS,റിമോട്ട് പി ഒ എസ്
report_type,Report Type,റിപ്പോർട്ടിൻ്റെ തരം
request_recharge,Request Recharge,റീചാർജ്ജിന് അപേക്ഷിക്കുക
resend_otp,Resend,വീണ്ടും അയക്കുക
reset,Reset,റീസെറ്റ് ചെയ്യുക
review_and_pay,Review and Pay,പുനരവലോകനം ചെയ്ത് പണമടക്കുക
review_and_proceed,Review and proceed,പുനരവലോകനം ചെയ്ത് മുന്നോട്ട് പോവുക
label_route_is_loading,Route is loading,റൂട്ട് ലോഡ് ചെയ്തു കൊണ്ടിരിക്കുകയാണ്
s1,S1,എസ് 1
s3,S3,എസ് 3
s5,S5,എസ് 5
scan,Scan,സ്കാൻ ചെയ്യുക
search_driver,Search Driver,ഡ്രൈവറെ തിരയുക
search_with_name,Search with Name,പേരു കൊണ്ട് തിരയുക
seat_fare,Seat Fare,സീറ്റിൻ്റെ വില
seat_numbers,Seat Numbers,സീറ്റ് നമ്പറുകൾ 
seat_type_number,Seat type number,സീറ്റിൻ്റെ ടൈപ്പിൻ്റെ നമ്പർ
select_agent_name,Select Agent Name,ഏജൻ്റിൻ്റെ പേര് തിരഞ്ഞെടുക്കുക
select_agent_city,Select Agent City,ഏജൻ്റിൻ്റെ പട്ടണം തിരഞ്ഞെടുക്കുക
select_all,Select All,എല്ലാം തിരഞ്ഞെടുക്കുക
label_select_booking_type,Select Booking Type,ബുക്കിംഗ് ടൈപ്പ് തിരഞ്ഞെടുക്കുക
toolbar_select_from_map,Select Branch From Map,മാപ്പിൽ നിന്ന് ബ്രാഞ്ച് തിരഞ്ഞെടുക്കുക
label_select_chart,Select Chart,ചാർട്ട് തിരഞ്ഞെടുക്കുക
error_select_chart,Select chart for transfer,ട്രാൻസ്ഫറിനുള്ള ചാർട്ട് തിരഞ്ഞെടുക്കുക
select_consignment_type,Select Consignment Type,ചരക്കിൻ്റെ തരം തിരഞ്ഞെടുക്കുക
select_coupon_type,Select Coupon Type,കൂപ്പണിൻ്റെ തരം തിരഞ്ഞെടുക്കുക
select_destination_city_short,Select Destination City,എത്തേണ്ട പട്ടണം തിരഞ്ഞെടുക്കുക
select_dispatch_by_branch,Select Dispatch By Branch,ബ്രാഞ്ച് വഴി അയക്കുന്നത് തിരഞ്ഞെടുക്കുക
saved_details,Select from saved details,സേവ് ചെയ്തിരിക്കുന്ന വിവരങ്ങളിൽ നിന്ന് തിരഞ്ഞെടുക്കുക
select_id_proof_type,Select ID Proof,ഐഡി പ്രൂഫ് തിരഞ്ഞെടുക്കുക
select_input_type,Select input type,ഇൻപുട്ട് ചെയ്യേണ്ട വിധം തിരഞ്ഞെടുക്കുക
select_issuer,Select issuer,ഇഷ്യുവർ തിരഞ്ഞെടുക്കുക
select_item_type,Select item type,വസ്തുവിൻ്റെ തരം തിരഞ്ഞെടുക്കുക 
select_items,Select Items,വസ്തുക്കൾ തിരഞ്ഞെടുക്കുക
select_ledger,Select Ledger,ലെഡ്ജർ തിരഞ്ഞെടുക്കുക
label_select_new_drop_off,Select New Dropoff,പുതിയ ഡ്രോപ് ഓഫ് തിരഞ്ഞെടുക്കുക
label_select_new_pick_up,Select New Pickup,പുതിയ പിക്ക് അപ്പ് തിരഞ്ഞെടുക്കുക
select_party,Select Party,കക്ഷിയെ തിരഞ്ഞെടുക്കുക
select_payment_mode,Select Payment Mode,പണം കൊടുക്കേണ്ട രീതി തിരഞ്ഞെടുക്കുക
select_pickup_droooff,Select Pickup & Dropoff,"പിക്ക് അപ്പും, ഡ്രോപ് ഓഫും തിരഞ്ഞെടുക്കുക"
select_month,Select month,മാസം തിരഞ്ഞെടുക്കുക
select_pnr,Select PNR,പി എൻ ആർ തിരഞ്ഞെടുക്കുക
select_qr_payment_mode,Select QR payment mode,ക്യു ആർ പേമെൻ്റ് രീതി തിരഞ്ഞെടുക്കുക
select_qr_provider,Select QR Provider,ക്യു ആർ ദാതാവിനെ തിരഞ്ഞെടുക്കുക
label_select_received_by_branch,Select Received By Branch,കൈപ്പറ്റിയ ബ്രാഞ്ച് തിരഞ്ഞെടുക്കുക
select_receving_branch,Select Receving Branch,കൈപ്പറ്റുന്ന ബ്രാഞ്ച് തിരഞ്ഞെടുക്കുക
select_receiver_id_type,Select Receiver ID Type,കൈപ്പറ്റുന്ന വ്യക്തിയുടെ ഐഡി പ്രൂഫ് തിരഞ്ഞെടുക്കുക
label_select_report_type,Select Report Type,റിപ്പോർട്ട് ടൈപ്പ് തിരഞ്ഞെടുക്കുക
select_seats,Select Seats,സീറ്റുകൾ തിരഞ്ഞെടുക്കുക
select_sender_id_type,Select Sender ID Type,അയക്കുന്ന ആളിൻ്റെ ഐഡി ടൈപ്പ് തിരഞ്ഞെടുക്കുക
label_select_summary_type,Select Summary Type,സംഗ്രഹത്തിൻ്റെ തരം തിരഞ്ഞെടുക്കുക
toolbar_report_type,Select Summary Type,സംഗ്രഹത്തിൻ്റെ തരം തിരഞ്ഞെടുക്കുക
select_transfer_branch,Select Transfer Branch,ട്രാൻസ്ഫർ ചെയ്യുന്ന ബ്രാഞ്ച് തിരഞ്ഞെടുക്കുക
select_transfer_branch_in,Select Transfer Branch in,ട്രാൻസ്ഫർ ബ്രാഞ്ചിൻ്റെ സ്ഥലം തിരഞ്ഞെടുക്കുക
select_vehicle_no,select Vehicle No,വാഹനത്തിൻ്റെ നമ്പർ തിരഞ്ഞെടുക്കുക
selected_lr_no,Selected LR No,എൽ ആർ നമ്പർ തിരഞ്ഞെടുക്കുക
label_select_seat,Selected old seats,പഴയ സീറ്റുകൾ തിരഞ്ഞെടുക്കുക
selected_trans_ids,Selected Trans. Ids,ട്രാൻസ്ഫർ ഐഡികൾ തിരഞ്ഞെടുക്കുക 
label_self,Self,സെൽഫ്
label_self_freight,Self Freight,സെൽഫ് ഫ്രെയ് റ്റ്
send_gps_link,Send GPS Link,ജി പി എസ് ലിങ്ക് അയക്കുക
send_i_was_there,Send I was there SMS,എന്ന എസ് എം എസ് അയക്കുക
send_link_to_multiple_passenger,Send link to multiple passenger,ലിങ്ക് അനേകം യാത്രക്കാർക്ക് അയക്കുക
send_express_checkout,Send Express Checkout,എക്സ്പ്രസ്സ് ചെക്ക് ഔട്ട് ആയി അയക്കുക
sender_city_and_state,Sender City & State,"അയക്കുന്ന ആളിൻ്റെ പട്ടണവും, സംസ്ഥാനവും "
sender_id_and_image,Sender ID & Image,"അയക്കുന്ന ആളിൻ്റെ ഐഡിയും, ഫോട്ടോവും "
sender_id_image,Sender ID Image,അയക്കുന്ന ആളിൻ്റെ ഐഡിയുടെ ഫോട്ടോ 
sender_id_proof,Sender ID Proof,അയക്കുന്ന ആളിൻ്റെ ഐഡി പ്രൂഫ്
sender_id_proof_no,Sender ID Proof No,അയക്കുന്ന ആളിൻ്റെ ഐഡി പ്രൂഫിൻ്റെ നമ്പർ
sender_image,Sender Image,അയക്കുന്ന ആളിൻ്റെ ഫോട്ടോ
sender_mobile_no_,Sender mobile No,അയക്കുന്ന ആളിൻ്റെ മൊബൈൽ നമ്പർ
service_name,Service Name,സർവീസിൻ്റെ പേര് 
short_receive,Short Receive,ഷോർട്ട് റിസീവ്
show_all,Show All,എല്ലാം കാണിക്കുക
label_show_auto_receive,Show Auto Receive Only,ഓട്ടോ റിസീവ് മാത്രം കാണിക്കുക
show_date,Show date,തീയതി കാണിക്കുക
show_list,Show List,ലിസ്റ്റ് കാണിക്കുക
show_list_all,Show list all,എല്ലാ ലിസ്റ്റും കാണിക്കുക
label_near_by_branches,Show Nearby Branches,സമീപത്തുള്ള ബ്രാഞ്ചുകൾ കാണിക്കുക
show_qr,Show QR,ക്യു ആർ കാണിക്കുക
label_rate_enquiry,Show Rate,നിരക്ക് കാണിക്കുക
show_time,Show time,സമയം കാണിക്കുക
sms_info,SMS Info,എസ് എം എസിൻ്റെ വിവരങ്ങൾ കാണിക്കുക
sms_pnr_info,SMS PNR Info,പി എൻ ആറിൻ്റെ വിവരങ്ങൾ കാണിക്കുക
label_sms_success,Sms sent successfully,എസ് എം എസ് വിജയകരമായി അയച്ചു 
sms_template,SMS Template,എസ് എം എസ് ടെംപ്ലേറ്റ്
sms_template_here,SMS Template Here..,എസ് എം എസ് ടെംപ്ലേറ്റ് ഇവിടെ
sms_type,SMS Type,എസ് എം എസ്സിൻ്റെ തരം
source_branch,Source Branch,ഉറവിടത്തിലെ ബ്രാഞ്ച്
source_city,Source City,ഉറവിട പട്ടണം 
special_vehicle,Special vehicle,പ്രത്യേകവാഹനം 
label_sr,Sr.,Sr.
staff_mno,Staff MNo.,സ്റ്റാഫിൻ്റെ മൊബൈൽ നമ്പർ
dec_date,Start date,പുറപ്പെടുന്ന തീയതി
start_date,Start date,പുറപ്പെടുന്ന തീയതി
start_recording,Start recording,റെക്കോർഡ് ചെയ്യാൻ തുടങ്ങുക
start_syncing,Start Syncing,ചേർക്കാൻ തുടങ്ങുക
stop_recording,Stop recording,റെക്കോർഡ് ചെയ്യുന്നത് നിർത്തുക
stop_syncing,Stop Syncing,ചേർക്കുന്നത് നിർത്തുക
stop_trip,Stop Trip,ട്രിപ്പ് നിർത്തുക 
submit_otp,Submit OTP,ഒടിപി അയക്കുക
receive_report_type_2,Summary,സംഗ്രഹം 
toolbar_summary_receive_report,Summary -Receive Report,സംഗ്രഹം - റിപ്പോർട്ട് കൈപ്പറ്റുക
dispatch_report_type_3,Summary Only,സംഗ്രഹം മാത്രം
dispatch_report_type_5,Summary with Hamali & Cartage,"ചുമട്ടുകാരൻ്റേയും, വണ്ടിക്കൂലിയുടേയും സംഗ്രഹം"
dispatch_report_type_6,Summary with other charges,മറ്റു ചാർജ്ജുകളോടൊപ്പമുള്ള സംഗ്രഹം
swiping_charges,Swiping Charges,കനത്ത ചാർജ്ജുകൾ
label_tnc,T&C,ടി & സി
test,Test,ടെസ്റ്റ്
label_already_added,This Eway bill already added,ഈ ഈ വേ ബിൽ ഇതിനകം ചേർത്തിരിക്കുന്നു
tv_given_time,Time,സമയം
end_date,To Date,തീയതി വരെ
to_stage,To Stage,സ്റ്റേജ് വരെ
label_to_lr_booking_date,To LR Booking Date,അടക്കേണ്ടത്
label_to_pay,To-Pay,എൽ ആർ ബുക്കിംഗ് തീയതി വരെ
offline_trips_tonetag,Tonetag - Offline trips,ടോൺ ടാഗ് - ഓഫ് ലൈൻ ട്രിപ്പുകൾ
topay,Topay,അടക്കേണ്ടത്
label_to_pay_amount,ToPay Amount,അടക്കാനുള്ള തുക
label_to_pay_freight,ToPay Freight,അടക്കാനുള്ള ചരക്കുകൂലി
label_to_pay_gst_other,ToPay GST + Other,"അടക്കാനുള്ള ചരക്കുസേവനനികുതിയും, മറ്റുള്ളവയും"
label_to_pay_lr_count,ToPay LR Count,അടക്കാനുള്ള എൽ ആർ കൗണ്ട്
label_to_pay_units,ToPay Units,അടക്കാനുള്ള യൂനിറ്റുകൾ
total_damage_qty,Total Damage Qty,കേടായ മൊത്തം എണ്ണം
total_eway_bill_count,Total Eway Bill Count,മൊത്തം ഇ വേ ബില്ലിൻ്റെ എണ്ണം
total_fare_gst,Total Fare(+GST),മൊത്തം യാത്രക്കൂലി (+ ചരക്കുസേവനനികുതി)
total_freight,Total Freight,മൊത്തം ചരക്കുകൂലി
total_gst,Total GST,മൊത്തം ചരക്കുസേവനനികുതി
label_total_gst_other,Total GST + Other,മൊത്തം ചരക്കുസേവനനികുതി + മറ്റുള്ളവ
total_items_,Total Items:,മൊത്തം വസ്തുക്കൾ: 
total_lr_count,Total LR Count,മൊത്തം എൽ ആർ കൗണ്ട്
label_total_net_amount,Total Net Amount,മൊത്തം റൊക്കം തുക
total_qty,Total Qty,മൊത്തം എണ്ണം 
total_short_qty,Total Short Qty,കുറവുള്ള മൊത്തം എണ്ണം
total_units,Total Units,മൊത്തം യൂനിറ്റുകൾ
transaction_amount,Transaction amount,ഇടപാട് നടന്ന തുക 
trans_amount,Transaction amount,ഇടപാട് നടന്ന തുക 
transaction_code_,Transaction code,ഇടപാടിൻ്റെ കോഡ്
trans_dt_time,Transaction date time,"ഇടപാടിൻ്റെ തീയതിയും, സമയവും"
transaction_id,Transaction Id,ഇടപാടിൻ്റെ ഐഡി
transaction_status,Transaction Status,ഇടപാടിൻ്റെ അവസ്ഥ
transfer,Transfer,ട്രാൻസ്ഫർ
transfer_all,Transfer all,എല്ലാം ട്രാൻസ്ഫർ ചെയ്യുക
transfer_by_branch,Transfer By Branch,ബ്രാഞ്ച് വഴി ട്രാൻസ്ഫർ ചെയ്യുക
transfer_by_user,Transfer By User,ഉപയോക്താവു വഴി ട്രാൻസ്ഫർ ചെയ്യുക
transfer_branch,Transfer Branch,ട്രാൻസ്ഫർ ചെയ്ത ബ്രാഞ്ച്
transfer_date,Transfer Date,ട്രാൻസ്ഫർ ചെയ്ത തീയതി
error_transfer_insert,Transfer Failed! Try again,ട്രാൻസ്ഫർ സഫലമായില്ല! വീണ്ടും ശ്രമിക്കുക
label_transfer_from_branch,Transfer From Branch,ബ്രാഞ്ചിൽ നിന്ന് ട്രാൻസ്ഫർ ചെയ്യുക
label_transfer_from_city,Transfer From City,പട്ടണത്തിൽ നിന്ന് ട്രാൻസ്ഫർ ചെയ്യുക
transfer_luggage,Transfer Luggage,ലഗേജ് ട്രാൻസ്ഫർ ചെയ്യുക
transfer_new,Transfer New,പുതിയത് ട്രാൻസ്ഫർ ചെയ്യുക
transfer_receive,Transfer Receive,ട്രാൻസ്ഫർ കൈപ്പറ്റുക 
msg_transfer_success,Transfer Success,ട്രാൻസ്ഫർ സഫലം
transfer_to,Transfer To,ലേക്ക് ട്രാൻസ്ഫർ
transfer_to_branch,Transfer To Branch,ബ്രാഞ്ചിലേക്ക് ട്രാൻസ്ഫർ
transfer_to_city,Transfer To City,പട്ടണത്തിലേക്ക് ട്രാൻസ്ഫർ
transfer_type,Transfer Type,ട്രാൻസ്ഫറിൻ്റെ തരം
transporter_name,Transporter Name,ട്രാൻസ്പോർട്ടറുടെ പേര്
tv_trip_name,Trip name,ട്രിപ്പിൻ്റെ പേര്
type_of_collection,Type of collection,കലക്ഷൻ്റെ വിധം
type_of_goods,Type of goods,സാമഗ്രികളുടെ തരം 
units,Units,യൂനിറ്റുകൾ
unknown,Unknown,അജ്ഞാതം
upi_qr,UPI QR,യു പി ഐ ക്യു ആർ
upload_receiver_image,Upload Receiver Image,കൈപ്പറ്റുന്ന ആളുടെ ഫോട്ടോ അപ് ലോഡ് ചെയ്യുക
upload_receiver_image_and_id,Upload Receiver Image and Id,"കൈപ്പറ്റുന്ന ആളുടെ ഫോട്ടോയും, ഐഡിയും അപ് ലോഡ് ചെയ്യുക"
upload_receiver_id_image,Upload Receiver Id Image,കൈപ്പറ്റുന്ന ആളുടെ ഐഡിയുടെ ഫോട്ടോ അപ് ലോഡ് ചെയ്യുക
upload_sender_id_image,Upload Sender ID Image,അയക്കുന്ന ആളുടെ ഐഡിയുടെ ഫോട്ടോ അപ് ലോഡ് ചെയ്യുക
upload_sender_image,Upload Sender Image,അയക്കുന്ന ആളുടെ ഫോട്ടോ അപ് ലോഡ് ചെയ്യുക
label_usages,Usage :,ഉപയോഗം:
label_user_location,User Location Point :,ഉപയോക്താവിൻ്റെ ലൊക്കേഷൻ പോയൻ്റ്:
valid,Valid,സാധുതയുള്ളത് 
validate,Validate,സാധൂകരിക്കുക
validate_boarding,Validate Boarding for seat,സീറ്റിനുള്ള ബോർഡിംഗ് സാധൂകരിക്കുക
validate_with_pin,Validation with pin,പിൻ കൊണ്ട് സാധൂകരിക്കുക
validity,Validity,സാധുത
valuation_charge,Valuation Charge,വാലുവേഷനുള്ള ചാർജ്ജ്
vehicle,Vehicle,വാഹനം
label_vehicle_wise,vehicle wise,വാഹനമനുസരിച്ച്
vehicle_wise,vehicle wise,വാഹനമനുസരിച്ച്
vehicle_wise_challan_wise_summary,Vehicle-wise Challan-wise Summary,"വാഹനമനുസരിച്ചും, ചലാൻ അനുസരിച്ചുമുള്ള സംഗ്രഹം"
dispatch_report_type_2,Vehicle-wise Summary (Cancelled dispatch),വാഹനമനുസരിച്ചുള്ള സംഗ്രഹം (റദ്ദാക്കിയ ഡെസ്പാച്ച്)
verify,Verify,പരിശോധിക്കുക
verification_status,Verification Status,പരിശോധനയുടെ അവസ്ഥ
version_name,Version name,വെർഷൻ്റെ പേര്
view_coupons,View Coupons,കൂപ്പണുകൾ നോക്കുക
voucher_success,Voucher success,വൗച്ചർ സഫലം
weight_charge,Weight Charge,ഭാരത്തിൻ്റെ ചാർജ്ജ്
blocked_lrno_is,Blocked LRNO is,എൽ ആർ എൻ ഒ ബ്ലോക്ക് ചെയ്തിരിക്കുന്നു
label_gps_config_fail,Bus not assigned or GPS not configured.,ബസ്സ് ഏർപ്പാടു ചെയ്തിട്ടില്ല അല്ലെങ്കിൽ ജി പി എസ്സിൻ്റെ രൂപഘടന ചെയ്തിട്ടില്ല
click_swipe_machine,Click preferred swipe machine type to proceed,"മുന്നോട്ട് നീങ്ങുവാൻ, താല്പര്യമുള്ള സ്വൈപ് മെഷീൻ്റെ തരം ക്ലിക്ക് ചെയ്യുക"
inactive_trip,Currently all sub-routes are closed !,ഇപ്പോൾ എല്ലാ സബ്റൂട്ടുകളും അടച്ചിരിക്കുകയാണ്.
change_destination_branch,Do you want to change the Destination Branch?,ലക്ഷ്യസ്ഥാനത്തുള്ള ബ്രാഞ്ച് മാറ്റുവാൻ നിങ്ങൾ ആഗ്രഹിക്കുന്നുണ്ടോ?
enter_4_digits_pin,Enter 4 digits pin,4 അക്കമുള്ള പിൻ ചേർക്കുക 
msg_if_you_have_forgotten,"*If you have forgotten the saved pattern , logout,login and create a new pattern","* സേവ് ചെയ്ത പാറ്റേൺ നിങ്ങൾ മറന്നു പോയെങ്കിൽ, ലോഗ് ഔട്ട് ചെയ്ത്, ലോഗ് ഇൻ ചെയ്ത്, പുതിയൊരു പാറ്റേൺ ഉണ്ടാക്കുക"
payment_modes_not_loaded,Payment modes list is not loaded!,പേമെൻ്റ് മോഡ് ലോഡ് ചെയ്തിട്ടില്ല!
label_select_ewaybill,Please Select At Least One Eway Bill,ദയവായി കുറഞ്ഞത് ഒരു ഇ വേ ബിൽ എങ്കിലും തിരഞ്ഞെടുക്കുക
qr_valid_fail,QR validation failed,ക്യു ആർ സാധൂകരണം വിഫലമായി
rate_entered_for_party,Rate Entered For Party Booking Does Not Match Assigned Rate!,"പാർട്ടി ബുക്കിംഗിന് ചേർത്ത നിരക്ക്, ഏർപ്പാട് ചെയ്ത നിരക്കുമായി യോജിക്കുന്നില്ല!"
msg_confirm_non_report_seat,Seat will be non-reported by following action.,താഴെക്കാണിച്ചിരിക്കുന്ന നടപടി കൊണ്ട് സീറ്റ് 'നോൺ-റിപ്പോർട്ടഡ്' ആകും. 
message_ewaybilt_different_transporter,Transporter-ID does not match to yours,ട്രാൻസ്പോർട്ടർ - ഐഡി നിങ്ങളുടേതുമായി യോജിക്കുന്നില്ല.
trip_detail_not_found_error,Trip Details Not Found For Selected Chart Date,തിരഞ്ഞെടുത്തിരിക്കുന്ന തീയതിയിൽ ട്രിപ്പിൻ്റെ വിശദവിവരങ്ങൾ കാണുന്നില്ല.
volumetric_inch,Volumetric Weight(KG) =(Length*Width*Height*16.3871/5000),വ്യാപ്തമനുസരിച്ച ഭാരം (കിലോഗ്രാം) = (നീളം*ഉയരം*16.3871/5000)
volumetric_cm,Volumetric Weight(KG) =(Length*Width*Height/5000),വ്യാപ്തമനുസരിച്ച ഭാരം (കിലോഗ്രാം) = (നീളം*ഉയരം*16.3871/5000)
volumetric_mm,Volumetric Weight(KG) =(Length*Width*Height/5000000),വ്യാപ്തമനുസരിച്ച ഭാരം (കിലോഗ്രാം) = (നീളം*ഉയരം*16.3871/5000000)
booking_reprint,Booking reprint,ബുക്കിംഗിൻ്റെ റീപ്രിൻ്റ്
booking_cancel,Booking cancel,ബുക്കിംഗ് റദ്ദായി
delivery_cancel,Delivery cancel,ഡെലിവറി റദ്ദായി
delivery_reprint,Delivery reprint,ഡെലിവറി റീപ്രിൻ്റ്
booking_date_and_time,Booking Date & Time,"ബുക്കിംഗിൻ്റെ തീയതിയും, സമയവും"
way_bill_no_lr_no,Way Bill No (LR No.),വേ ബിൽ നമ്പർ (എൽ ആർ നമ്പർ)
reprint_duplicate_copy,REPRINT (DUPLICATE COPY),റീപ്രിൻ്റ് (ഡ്യൂപ്ലിക്കേറ്റ് കോപ്പി)
delivery_date_and_time,Delivery Date & Time,"ഡെലിവറിയുടെ തീയതിയും, സമയവും"
received_date_and_time,Received Date & Time,"കൈപ്പറ്റിയ തീയതിയും, സമയവും"
more_options_underline,More Options,കൂടുതൽ ഓപ്ഷനുകൾ
more_options_fields_underline,More Optional Fields,കൂടുതൽ ഓപ്ഷനുകളുടെ ഫീൽഡുകൾ
charged_weight,Charged Weight,ചാർജ്ജ് ചെയ്ത ഭാരം
delivered_by,Delivered By,ഡെലിവർ ചെയ്ത വ്യക്തി
delivery_charge,Delivery Charge,ഡെലിവറി ചാർജ്ജ്
search_new_lr,search new lr,പുതിയ എൽ ആർ തിരയുക 
dispatch_remarks,Dispatch Remarks,അയച്ചതിൻ്റെ റിമാർക്കുകൾ
receive_remarks,Receive Remarks,കൈപ്പറ്റിയതിൻ്റെ റിമാർക്കുകൾ
select_option_search_by,Select Option Search By,ഓപ്ഷൻ സർച്ച് എന്നത് സെലക്റ്റ് ചെയ്യുക
not_authorised,Not Authorised,അംഗീകരിച്ചിട്ടില്ല
location_setting,Location settings,ലൊക്കേഷൻ്റെ സെറ്റിംഗുകൾ
fetch_failed,Fetch failed,കണ്ടുപിടിച്ചെടുക്കുന്നത് വിഫലമായി
terms_of_use,Terms of use,ഉപയോഗത്തിൻ്റെ നിബന്ധനകൾ
privacy_policy,Privacy policy,സ്വകാര്യതാനയം
data_pending_to_upload,Data pending to upload!,അപ് ലോഡ് ചെയ്യാൻ ബാക്കിയുള്ള ഡാറ്റ!
can_not_logout,Can not logout!,ലോഗ് ഔട്ട് ചെയ്യാൻ കഴിയുന്നില്ല!
unable_to_open_google_playstore,Unable to open Google Play Store,ഗൂഗിൾ പ്ലേ സ്റ്റോർ തുറക്കാൻ കഴിയുന്നില്ല
update_avaiable,Update available,അപ് ഡേറ്റ് ലഭ്യമാണ്
add_more_details,Add More Details,കൂടുതൽ വിവരങ്ങൾ ചേർക്കുക
show_less,Show less,കുറവ് കാണിക്കുക
add_receiver_details,Add Receiver Details,കൈപ്പറ്റുന്ന ആളിൻ്റെ വിവരങ്ങൾ ചേർക്കുക
add_sender_details,Add Sender Details,അയക്കുന്ന ആളിൻ്റെ വിവരങ്ങൾ ചേർക്കുക
validate_underline,Validate,സാധൂകരിക്കുക
label_rate_enquiry_underlined,Show Rate,നിരക്ക് കാണിക്കുക
remove_underline,Remove,നീക്കം ചെയ്യുക 
change_underline,Change,മാറ്റുക
msg_warning_payment,Please do not press back button or home button thought the payment for a better payment experience,പേമെൻ്റിൻ്റെ അനുഭവം കൂടുതൽ മെച്ചപ്പെട്ടതാവാൻ ദയവായി 'ബാക്ക്' ബട്ടൺ അല്ലെങ്കിൽ 'ഹോം' ബട്ടൺ അമർത്താതിരിക്കുക
msg_transfer_succesfully,You have successfully transferred old seats to new seats,നിങ്ങൾ പഴയ സീറ്റുകൾ പുതിയ സീറ്റുകളിലേക്ക് വിജയകരമായി മാറ്റിയിരിക്കുന്നു
msg_confirm_add_expense,Do you want to add expense ?,നിങ്ങൾ ചിലവ് ചേർക്കാൻ ആഗ്രഹിക്കുന്നുണ്ടോ?
msg_tnc_link,You agree to our Terms of Use agreement and Privacy Policy,"നിങ്ങൾ ഉപയോഗത്തിനുള്ള ഞങ്ങളുടെ നിബന്ധനകളും, സ്വകാര്യതാനയവും സമ്മതിക്കുന്നു"
msg_give_permission_blutooth_connnnect,Please give us bluetooth connect or nearby devices permission!!,"ദയവായി ബ്ലൂടൂത്തും, സമീപത്തുള്ള ഉപകരണങ്ങളുമായി കണക്ട് ചെയ്യാനുള്ള അനുവാദം ഞങ്ങൾക്ക് നൽകുക!!"
msg_give_permission_blutooth_scan,Please give us bluetooth scan permission!!,ദയവായി ബ്ലൂടൂത്ത് സ്കാൻ ചെയ്യാനുള്ള അനുവാദം ഞങ്ങൾക്ക് നൽകുക!
msg_per__read_storage,Please give us write storage permission!!,ദയവായി 'റൈറ്റ് സ്റ്റോറേജ്' അനുവാദം ഞങ്ങൾക്ക് നൽകുക!!
msg_per_write_storage,Please give us read storage permission!!,ദയവായി 'റീഡ് സ്റ്റോറേജ്' അനുവാദം ഞങ്ങൾക്ക് നൽകുക!!
msg_per_camera,Please give us camera permission!!,ദയവായി ഞങ്ങൾക്ക് ക്യാമറക്കുള്ള അനുവാദം നൽകുക!!
msg_check_pnp,Please agree to our Terms of Use agreement and Privacy Policy,"ദയവായി ഞങ്ങളുടെ ഉപയോഗനിബന്ധനകളും, സ്വകാര്യതാനയവും സമ്മതിക്കുക"
msg_monthly_rental,Monthly rental for this app is,ഈ ആപ്പിൻ്റെ മാസവാടക ___ ആണ്
msg_kindly_contact_reprensentative,Kindly contact your representative for more information.,കൂടുതൽ വിവരങ്ങൾക്ക് ദയവായി നിങ്ങളുടെ പ്രതിനിധിയുമായി ബന്ധപ്പെടുക
msg_not_access_to_app,Your access to app is not authorised or expired.,ഈ ആപ്പിൻ്റെ ഉപയോഗത്തിന് നിങ്ങൾക്ക് അനുവാദമില്ല അല്ലെങ്കിൽ കാലഹരണപ്പെട്ടിരിക്കുന്നു
msg_contact_maventech,Kindly contact the MavenTech Labs accounts team for assistance!,സഹായത്തിന് ദയവായി 'മാവെൻ ടെക് ലാബ്സ് അക്കൗണ്ട്സ് ടീമുമായി ബന്ധപ്പെടുക!
msg_new_update_avaible,New update for the app is available. Update the app to enjoy latest features!,ഈ ആപ്പിൻ്റെ പുതിയ അപ്ഡേറ്റ് ലഭ്യമാണ്. ഏറ്റവും പുതിയ ഉപാധികൾ ആസ്വദിക്കാൻ ആപ്പ് അപ്ഡേറ്റ് ചെയ്യുക!
msg_app_required_gps,App requires GPS to run! Change the location setting to enable GPS,ആപ്പ് ഉപയോഗിക്കാൻ ജി പി എസ് ആവശ്യമാണ്! ജി പി എസ് പ്രവർത്തനയോഗ്യമാക്കാൻ ലൊക്കേഷൻ്റെ സെറ്റിംഗുകൾ മാറ്റുക! 
msg_app_wont_work_without_permission,App won't work without the permission. Grant permission from settings,അനുവാദമില്ലാതെ ആപ്പ് പ്രവർത്തിക്കുകയില്ല. സെറ്റിംഗ്സിൽ നിന്ന് അനുവാദം നൽകുക.
msg_mobile_not_verified,Mobile number is not verified!,മൊബൈൽ നമ്പർ പ്രാമാണീകരിച്ചിട്ടില്ല!
msg_qr_less_amount_error,"Scanned amount is less than the total fare, Scan different QR or change the payment mode to continue the booking !","സ്കാൻ ചെയ്ത തുക മൊത്തം കൂലിയേക്കാൾ കുറവാണ്, വേറെ ക്യു ആർ സ്കാൻ ചെയ്യുകയോ അല്ലെങ്കിൽ ബുക്കിംഗ് തുടരുവാൻ പേമെൻ്റിൻ്റെ മോഡ് മാറ്റുകയോ ചെയ്യുക!"
msg_fill_info,Fill with customer Mobile number and Email ID(optional) to generate prepaid card against the mobile number.,"ഈ മൊബൈൽ നമ്പറിനു വേണ്ടി പ്രീപെയ്ഡ് കാർഡ് ഉണ്ടാക്കുവാൻ കസ്റ്റമറുടെ മൊബൈൽ നമ്പറും, ഇമെയിൽ ഐഡിയും (ഇച്ഛാനുസാരം) ചേർത്ത് പൂരിപ്പിക്കുക. "
msg_cover_warning_for_other_booking_type,Only Payment Type Paid Is Applicable For This Consignment Type,ഈ തരം ചരക്കിന് 'പെയ്ഡ്' എന്ന പേമെൻ്റ് രീതി മാത്രമേ ബാധകമായുള്ളൂ.
msg_packet_warning_for_other_booking_type,Payment Type should not be TO-PAY for this consignment type,ഈ തരം ചരക്കിന് 'ടു പേ' എന്ന പേമെൻ്റ് രീതി പാടില്ല. 
